code,name,sector
247540,에코프로비엠,일차전지 및 이차전지 제조업
196170,알테오젠,자연과학 및 공학 연구개발업
086520,에코프로,기타 금융업
277810,레인보우로보틱스,특수 목적용 기계 제조업
036930,주성엔지니어링,특수 목적용 기계 제조업
950160,코오롱티슈진,기초 의약물질 제조업
000250,삼천당제약,의약품 제조업
058470,리노공업,전자부품 제조업
028300,HLB,의료용품 및 기타 의약 관련제품 제조업
087010,펩트론,기초 의약물질 제조업
298380,에이비엘바이오,기초 의약물질 제조업
108490,로보티즈,특수 목적용 기계 제조업
141080,리가켐바이오,자연과학 및 공학 연구개발업
440110,파두,반도체 제조업
039030,이오테크닉스,특수 목적용 기계 제조업
240810,원익IPS,특수 목적용 기계 제조업
178320,서진시스템,기타 전기장비 제조업
095340,ISC,기계장비 및 관련 물품 도매업
214370,케어젠,기초 의약물질 제조업
310210,보로노이,자연과학 및 공학 연구개발업
319400,현대무벡스,일반 목적용 기계 제조업
222800,심텍,전자부품 제조업
347850,디앤디파마텍,자연과학 및 공학 연구개발업
403870,HPSP,특수 목적용 기계 제조업
080220,제주반도체,반도체 제조업
043260,성호전자,전자부품 제조업
226950,올릭스,자연과학 및 공학 연구개발업
214450,파마리서치,의료용품 및 기타 의약 관련제품 제조업
010170,대한광통신,절연선 및 케이블 제조업
145020,휴젤,기초 의약물질 제조업
131970,두산테스나,"그외 기타 전문, 과학 및 기술 서비스업"
357780,솔브레인,기타 화학제품 제조업
064760,티씨케이,기타 비금속 광물제품 제조업
214150,클래시스,의료용 기기 제조업
263750,펄어비스,소프트웨어 개발 및 공급업
067310,하나마이크론,반도체 제조업
084370,유진테크,특수 목적용 기계 제조업
058610,에스피지,"전동기, 발전기 및 전기 변환 · 공급 · 제어 장치 제조업"
005290,동진쎄미켐,기초 화학물질 제조업
319660,피에스케이,특수 목적용 기계 제조업
237690,에스티팜,의약품 제조업
032820,우리기술,"전동기, 발전기 및 전기 변환 · 공급 · 제어 장치 제조업"
082920,비츠로셀,일차전지 및 이차전지 제조업
257720,실리콘투,상품 종합 도매업
131290,티에스이,"측정, 시험, 항해, 제어 및 기타 정밀기기 제조업; 광학기기 제외"
098460,고영,특수 목적용 기계 제조업
218410,RFHIC,통신 및 방송 장비 제조업
0009K0,에임드바이오,자연과학 및 공학 연구개발업
031980,피에스케이홀딩스,특수 목적용 기계 제조업
100790,미래에셋벤처투자,기타 금융업
290650,엘앤씨바이오,의약품 제조업
083650,비에이치아이,일반 목적용 기계 제조업
068760,셀트리온제약,의약품 제조업
095610,테스,특수 목적용 기계 제조업
007390,네이처셀,기초 의약물질 제조업
030530,원익홀딩스,기초 화학물질 제조업
035900,JYP Ent.,오디오물 출판 및 원판 녹음업
078600,대주전자재료,전자부품 제조업
140860,파크시스템스,"측정, 시험, 항해, 제어 및 기타 정밀기기 제조업; 광학기기 제외"
140410,메지온,자연과학 및 공학 연구개발업
089030,테크윙,특수 목적용 기계 제조업
041510,에스엠,오디오물 출판 및 원판 녹음업
060370,LS마린솔루션,전기 및 통신 공사업
096530,씨젠,의료용품 및 기타 의약 관련제품 제조업
347700,스피어,소프트웨어 개발 및 공급업
031330,에스에이엠티,기계장비 및 관련 물품 도매업
039200,오스코텍,의약품 제조업
445680,큐리옥스바이오시스템즈,의료용 기기 제조업
420770,기가비스,특수 목적용 기계 제조업
323280,태성,특수 목적용 기계 제조업
090360,로보스타,특수 목적용 기계 제조업
437730,삼현,자동차 신품 부품 제조업
476830,알지노믹스,자연과학 및 공학 연구개발업
032500,케이엠더블유,통신 및 방송 장비 제조업
099320,쎄트렉아이,"항공기,우주선 및 부품 제조업"
475830,오름테라퓨틱,기초 의약물질 제조업
101490,에스앤에스텍,전자부품 제조업
127120,제이에스링크,자연과학 및 공학 연구개발업
490470,세미파이브,"건축기술, 엔지니어링 및 관련 기술 서비스업"
089970,브이엠,특수 목적용 기계 제조업
397030,에이프릴바이오,자연과학 및 공학 연구개발업
189300,인텔리안테크,통신 및 방송 장비 제조업
090710,휴림로봇,특수 목적용 기계 제조업
417200,LS머트리얼즈,전자부품 제조업
388720,유일로보틱스,특수 목적용 기계 제조업
038500,삼표시멘트,기타 비금속 광물제품 제조업
232140,와이씨,특수 목적용 기계 제조업
027360,아주IB투자,기타 금융업
036540,SFA반도체,반도체 제조업
003380,하림지주,기타 금융업
295310,에이치브이엠,1차 비철금속 제조업
195940,HK이노엔,의약품 제조업
466100,클로봇,소프트웨어 개발 및 공급업
491000,리브스메드,의료용 기기 제조업
085660,차바이오텍,기초 의약물질 제조업
065350,신성델타테크,가정용 기기 제조업
166090,하나머티리얼즈,반도체 제조업
281740,레이크머티리얼즈,기타 화학제품 제조업
458870,씨어스,의료용 기기 제조업
328130,루닛,소프트웨어 개발 및 공급업
048410,현대바이오,기타 화학제품 제조업
204270,제이앤티씨,전자부품 제조업
115180,큐리언트,자연과학 및 공학 연구개발업
388210,씨엠티엑스,전자부품 제조업
137400,피엔티,특수 목적용 기계 제조업
124500,아이티센글로벌,"컴퓨터 프로그래밍, 시스템 통합 및 관리업"
356860,티엘비,전자부품 제조업
161580,필옵틱스,특수 목적용 기계 제조업
056190,에스에프에이,특수 목적용 기계 제조업
183300,코미코,특수 목적용 기계 제조업
036830,솔브레인홀딩스,회사 본부 및 경영 컨설팅 서비스업
439960,코스모로보틱스,의료용 기기 제조업
160190,하이젠알앤엠,"전동기, 발전기 및 전기 변환 · 공급 · 제어 장치 제조업"
126340,비나텍,일차전지 및 이차전지 제조업
358570,지아이이노베이션,자연과학 및 공학 연구개발업
033100,제룡전기,"전동기, 발전기 및 전기 변환 · 공급 · 제어 장치 제조업"
035760,CJ ENM,텔레비전 방송업
213420,덕산네오룩스,전자부품 제조업
052020,에스티큐브,기계장비 및 관련 물품 도매업
456160,지투지바이오,의약품 제조업
083450,GST,특수 목적용 기계 제조업
033790,피노,일차전지 및 이차전지 제조업
050890,쏠리드,통신 및 방송 장비 제조업
293490,카카오게임즈,소프트웨어 개발 및 공급업
376900,로킷헬스케어,의료용품 및 기타 의약 관련제품 제조업
033640,네패스,반도체 제조업
222080,씨아이에스,특수 목적용 기계 제조업
086450,동국제약,의약품 제조업
094170,동운아나텍,반도체 제조업
046890,서울반도체,반도체 제조업
122870,와이지엔터테인먼트,오디오물 출판 및 원판 녹음업
052400,코나아이,소프트웨어 개발 및 공급업
014620,성광벤드,1차 철강 제조업
074600,원익QnC,유리 및 유리제품 제조업
476060,온코닉테라퓨틱스,자연과학 및 공학 연구개발업
056080,유진로봇,특수 목적용 기계 제조업
253450,스튜디오드래곤,"영화, 비디오물, 방송프로그램 제작 및 배급업"
059090,미코,반도체 제조업
032190,다우데이타,기계장비 및 관련 물품 도매업
121600,나노신소재,기타 화학제품 제조업
348370,엔켐,기초 화학물질 제조업
023160,태광,1차 철강 제조업
252990,샘씨엔에스,전자부품 제조업
241710,코스메카코리아,기타 화학제품 제조업
486990,노타,소프트웨어 개발 및 공급업
037460,삼지전자,통신 및 방송 장비 제조업
171090,선익시스템,특수 목적용 기계 제조업
365340,성일하이텍,기초 화학물질 제조업
336570,원텍,의료용 기기 제조업
060250,NHN KCP,금융 지원 서비스업
225570,넥슨게임즈,소프트웨어 개발 및 공급업
006730,서부T&D,일반 및 생활 숙박시설 운영업
053800,안랩,소프트웨어 개발 및 공급업
174900,앱클론,의료용품 및 기타 의약 관련제품 제조업
053610,프로텍,특수 목적용 기계 제조업
348340,뉴로메카,특수 목적용 기계 제조업
009520,포스코엠텍,1차 철강 제조업
044490,태웅,기타 금속 가공제품 제조업
112040,위메이드,소프트웨어 개발 및 공급업
102940,코오롱생명과학,기초 의약물질 제조업
389470,인벤티지랩,자연과학 및 공학 연구개발업
348210,넥스틴,특수 목적용 기계 제조업
036810,에프에스티,전자부품 제조업
383310,에코프로에이치엔,기타 화학제품 제조업
327260,RF머트리얼즈,전자부품 제조업
086900,메디톡스,기초 의약물질 제조업
399720,가온칩스,반도체 제조업
089890,코세스,특수 목적용 기계 제조업
082270,젬백스,특수 목적용 기계 제조업
033160,엠케이전자,전자부품 제조업
102710,이엔에프테크놀로지,기타 화학제품 제조업
253590,네오셈,특수 목적용 기계 제조업
033500,동성화인텍,기초 화학물질 제조업
448900,한국피아이엠,자동차 신품 부품 제조업
041830,인바디,의료용 기기 제조업
425420,티에프이,전자부품 제조업
067160,SOOP,소프트웨어 개발 및 공급업
015750,성우하이텍,자동차 신품 부품 제조업
376300,디어유,소프트웨어 개발 및 공급업
089010,켐트로닉스,기타 화학제품 제조업
272290,이녹스첨단소재,전자부품 제조업
093320,케이아이엔엑스,"자료처리, 호스팅, 포털 및 기타 인터넷 정보매개 서비스업"
019210,와이지-원,기타 금속 가공제품 제조업
475960,토모큐브,사진장비 및 광학기기 제조업
356680,엑스게이트,소프트웨어 개발 및 공급업
122640,예스티,특수 목적용 기계 제조업
278280,천보,기초 화학물질 제조업
041960,코미팜,의약품 제조업
045100,한양이엔지,"건축기술, 엔지니어링 및 관련 기술 서비스업"
077360,덕산하이메탈,반도체 제조업
368770,파이버프로,"측정, 시험, 항해, 제어 및 기타 정밀기기 제조업; 광학기기 제외"
200710,에이디테크놀로지,반도체 제조업
460930,현대힘스,선박 및 보트 건조업
214430,아이쓰리시스템,전자부품 제조업
104830,원익머트리얼즈,기초 화학물질 제조업
092190,서울바이오시스,반도체 제조업
064290,인텍플러스,특수 목적용 기계 제조업
041190,우리기술투자,기타 금융업
042000,카페24,"자료처리, 호스팅, 포털 및 기타 인터넷 정보매개 서비스업"
230360,에코마케팅,광고업
332570,PS일렉트로닉스,전자부품 제조업
393890,더블유씨피,일차전지 및 이차전지 제조업
035890,서희건설,건물 건설업
477850,마키나락스,소프트웨어 개발 및 공급업
099190,아이센스,의료용 기기 제조업
030520,한글과컴퓨터,소프트웨어 개발 및 공급업
199800,툴젠,자연과학 및 공학 연구개발업
125490,한라캐스트,자동차 신품 부품 제조업
290550,디케이티,전자부품 제조업
060280,큐렉소,기타 상품 전문 소매업
025980,아난티,일반 및 생활 숙박시설 운영업
0011T0,채비,"전동기, 발전기 및 전기 변환 · 공급 · 제어 장치 제조업"
211050,인카금융서비스,보험 및 연금관련 서비스업
372320,큐로셀,자연과학 및 공학 연구개발업
034950,한국기업평가,기타 사업지원 서비스업
024850,HLB이노베이션,전자부품 제조업
455900,엔젤로보틱스,특수 목적용 기계 제조업
078160,메디포스트,기초 의약물질 제조업
018290,브이티,기타 화학제품 제조업
340570,티앤엘,의료용품 및 기타 의약 관련제품 제조업
101930,인화정공,선박 및 보트 건조업
330860,네패스아크,"그외 기타 전문, 과학 및 기술 서비스업"
170920,엘티씨,기초 화학물질 제조업
025320,시노펙스,전자부품 제조업
064260,다날,소프트웨어 개발 및 공급업
389500,에스비비테크,일반 목적용 기계 제조업
006910,보성파워텍,"구조용 금속제품, 탱크 및 증기발생기 제조업"
025900,동화기업,나무제품 제조업
095660,네오위즈,소프트웨어 개발 및 공급업
138080,오이솔루션,통신 및 방송 장비 제조업
078350,한양디지텍,반도체 제조업
493280,아이엠바이오로직스,자연과학 및 공학 연구개발업
425040,티이엠씨,기초 화학물질 제조업
251970,펌텍코리아,플라스틱제품 제조업
107640,한중엔시에스,"전동기, 발전기 및 전기 변환 · 공급 · 제어 장치 제조업"
036620,감성코퍼레이션,기타 전문 도매업
079940,가비아,소프트웨어 개발 및 공급업
039440,에스티아이,특수 목적용 기계 제조업
013030,하이록코리아,1차 철강 제조업
215200,메가스터디교육,일반 교습 학원
230240,에치에프알,통신 및 방송 장비 제조업
101160,월덱스,전자부품 제조업
456010,아이씨티케이,반도체 제조업
168360,펨트론,특수 목적용 기계 제조업
287840,인투셀,자연과학 및 공학 연구개발업
069540,빛과전자,통신 및 방송 장비 제조업
117730,티로보틱스,특수 목적용 기계 제조업
394280,오픈엣지테크놀로지,소프트웨어 개발 및 공급업
085910,네오티스,자동차 신품 부품 제조업
468530,프로티나,자연과학 및 공학 연구개발업
452280,한선엔지니어링,기타 금속 가공제품 제조업
065680,우주일렉트로,전자부품 제조업
424870,이뮨온시아,자연과학 및 공학 연구개발업
078130,국일제지,기타 종이 및 판지 제품 제조업
354320,알멕,1차 비철금속 제조업
144960,뉴파워프라즈마,특수 목적용 기계 제조업
067630,HLB생명과학,의료용품 및 기타 의약 관련제품 제조업
215600,신라젠,자연과학 및 공학 연구개발업
254490,미래반도체,기타 전문 도매업
047920,HLB제약,자연과학 및 공학 연구개발업
241770,메카로,반도체 제조업
110990,디아이티,특수 목적용 기계 제조업
042520,한스바이오메드,의료용품 및 기타 의약 관련제품 제조업
098070,한텍,"구조용 금속제품, 탱크 및 증기발생기 제조업"
078020,LS증권,금융 지원 서비스업
092870,엑시콘,특수 목적용 기계 제조업
206650,유바이오로직스,의약품 제조업
179900,유티아이,전자부품 제조업
084110,휴온스글로벌,의약품 제조업
187660,페니트리움바이오,자연과학 및 공학 연구개발업
304360,에스바이오메딕스,의약품 제조업
234340,헥토파이낸셜,금융 지원 서비스업
452430,사피엔반도체,반도체 제조업
265520,AP시스템,특수 목적용 기계 제조업
389650,넥스트바이오메디컬,의료용 기기 제조업
080580,오킨스전자,전자부품 제조업
488900,비츠로넥스텍,"항공기,우주선 및 부품 제조업"
114810,한솔아이원스,특수 목적용 기계 제조업
441270,파인엠텍,전자부품 제조업
079370,제우스,특수 목적용 기계 제조업
200470,에이팩트,반도체 제조업
119850,지엔씨에너지,"전동기, 발전기 및 전기 변환 · 공급 · 제어 장치 제조업"
003800,에이스침대,가구 제조업
445090,에이직랜드,반도체 제조업
241520,DSC인베스트먼트,신탁업 및 집합투자업
376270,HEM파마,자연과학 및 공학 연구개발업
417840,저스템,특수 목적용 기계 제조업
091700,파트론,전자부품 제조업
317330,덕산테코피아,기타 화학제품 제조업
475400,씨메스로보틱스,특수 목적용 기계 제조업
243070,휴온스,의약품 제조업
101730,위메이드맥스,소프트웨어 개발 및 공급업
160980,싸이맥스,특수 목적용 기계 제조업
049070,인탑스,통신 및 방송 장비 제조업
069080,웹젠,소프트웨어 개발 및 공급업
274090,켄코아에어로스페이스,"항공기,우주선 및 부품 제조업"
482630,삼양엔씨켐,기타 화학제품 제조업
064820,케이프,선박 및 보트 건조업
042370,비츠로테크,기타 금융업
078340,컴투스,소프트웨어 개발 및 공급업
484590,삼양컴텍,무기 및 총포탄 제조업
092460,한라IMS,선박 및 보트 건조업
203650,드림시큐리티,소프트웨어 개발 및 공급업
094360,칩스앤미디어,반도체 제조업
365270,큐라클,자연과학 및 공학 연구개발업
089980,상아프론테크,플라스틱제품 제조업
378340,필에너지,특수 목적용 기계 제조업
219130,타이거일렉,전자부품 제조업
204620,글로벌텍스프리,금융 지원 서비스업
099430,바이오플러스,기초 의약물질 제조업
052710,아모텍,전자부품 제조업
298830,슈어소프트테크,소프트웨어 개발 및 공급업
036200,유니셈,특수 목적용 기계 제조업
036890,진성티이씨,특수 목적용 기계 제조업
355150,코스텍시스,반도체 제조업
018310,삼목에스폼,"구조용 금속제품, 탱크 및 증기발생기 제조업"
448280,에코아이,기타 전문 서비스업
058970,엠로,소프트웨어 개발 및 공급업
450950,아스테라시스,의료용 기기 제조업
228760,지노믹트리,자연과학 및 공학 연구개발업
025770,한국정보통신,전기 통신업
136480,하림,"도축, 육류 가공 및 저장 처리업"
187870,디바이스,특수 목적용 기계 제조업
200130,콜마비앤에이치,기초 의약물질 제조업
357880,SKAI,소프트웨어 개발 및 공급업
073490,LIG아큐버,통신 및 방송 장비 제조업
200670,휴메딕스,의약품 제조업
041920,메디아나,의료용 기기 제조업
236200,슈프리마,통신 및 방송 장비 제조업
086390,유니테스트,특수 목적용 기계 제조업
307180,아이엘,전구 및 조명장치 제조업
180400,DXVX,기타 과학기술 서비스업
035810,이지홀딩스,동물용 사료 및 조제식품 제조업
900290,GRT,기타 금융업
0082N0,카나프테라퓨틱스,자연과학 및 공학 연구개발업
046970,우리로,기타 전문 도매업
314930,바이오다인,의료용 기기 제조업
061970,LB세미콘,반도체 제조업
459510,나우로보틱스,특수 목적용 기계 제조업
061090,세나테크놀로지,통신 및 방송 장비 제조업
462350,이노스페이스,"항공기,우주선 및 부품 제조업"
144510,지씨셀,"그외 기타 전문, 과학 및 기술 서비스업"
064850,에프앤가이드,기타 정보 서비스업
112290,와이씨켐,기타 화학제품 제조업
043150,바텍,의료용 기기 제조업
053030,바이넥스,의약품 제조업
092730,네오팜,기타 화학제품 제조업
084850,아이티엠반도체,전자부품 제조업
019010,베뉴지,종합 소매업
215000,골프존,소프트웨어 개발 및 공급업
035600,KG이니시스,소프트웨어 개발 및 공급업
060720,KH바텍,전자부품 제조업
054950,제이브이엠,일반 목적용 기계 제조업
078150,HB테크놀러지,특수 목적용 기계 제조업
220100,퓨쳐켐,의약품 제조업
051500,CJ프레시웨이,음·식료품 및 담배 도매업
023410,유진기업,"시멘트, 석회, 플라스터 및 그 제품 제조업"
309710,아이티켐,기초 의약물질 제조업
194700,노바렉스,기타 식품 제조업
394800,쓰리빌리언,자연과학 및 공학 연구개발업
108860,셀바스AI,소프트웨어 개발 및 공급업
416180,신성에스티,자동차 신품 부품 제조업
182400,엔케이젠바이오텍코리아,기초 의약물질 제조업
0001A0,덕양에너젠,연료용 가스 제조 및 배관공급업
036800,나이스정보통신,전기 통신업
114190,강원에너지,기타 전기장비 제조업
051360,토비스,영상 및 음향기기 제조업
352480,씨앤씨인터내셔널,기타 화학제품 제조업
243840,신흥에스이씨,일차전지 및 이차전지 제조업
036710,심텍홀딩스,회사 본부 및 경영 컨설팅 서비스업
267980,매일유업,동·식물성 유지 및 낙농제품 제조업
043370,피에이치에이,자동차 신품 부품 제조업
046120,오르비텍,기타 과학기술 서비스업
382900,범한퓨얼셀,"전동기, 발전기 및 전기 변환 · 공급 · 제어 장치 제조업"
091580,상신이디피,일차전지 및 이차전지 제조업
065660,안트로젠,기타 전문 도매업
121800,비덴트,통신 및 방송 장비 제조업
478340,나라스페이스테크놀로지,"항공기,우주선 및 부품 제조업"
014940,오리엔탈정공,일반 목적용 기계 제조업
377460,큐에이드,개인 및 가정용품 수리업
389260,대명에너지,건물 건설업
125020,티씨머티리얼즈,절연선 및 케이블 제조업
474650,링크솔루션,특수 목적용 기계 제조업
318060,그래피,합성고무 및 플라스틱 물질 제조업
251370,와이엠티,기초 화학물질 제조업
151860,KG에코솔루션,자동차 차체나 트레일러 제조업
308430,셀비온,의약품 제조업
217730,강스템바이오텍,기초 의약물질 제조업
012860,모베이스전자,자동차 신품 부품 제조업
389020,자람테크놀로지,반도체 제조업
093520,매커스,기계장비 및 관련 물품 도매업
950170,JTC,종합 소매업
314130,지놈앤컴퍼니,기초 의약물질 제조업
0015G0,그린광학,사진장비 및 광학기기 제조업
338840,와이바이오로직스,자연과학 및 공학 연구개발업
190510,나무가,전자부품 제조업
099440,스맥,특수 목적용 기계 제조업
094480,갤럭시아머니트리,소프트웨어 개발 및 공급업
242040,나무기술,소프트웨어 개발 및 공급업
199820,제일일렉트릭,"전동기, 발전기 및 전기 변환 · 공급 · 제어 장치 제조업"
0008Z0,에스엔시스,"전동기, 발전기 및 전기 변환 · 공급 · 제어 장치 제조업"
054210,이랜텍,전자부품 제조업
472850,폰드그룹,"섬유, 의복, 신발 및 가죽제품 소매업"
357550,석경에이티,기초 화학물질 제조업
451760,컨텍,"컴퓨터 프로그래밍, 시스템 통합 및 관리업"
402030,코난테크놀로지,소프트웨어 개발 및 공급업
017890,한국알콜,기타 화학제품 제조업
018000,유니슨,일반 목적용 기계 제조업
067390,아스트,"항공기,우주선 및 부품 제조업"
084990,헬릭스미스,자연과학 및 공학 연구개발업
272110,케이엔제이,반도체 제조업
095500,미래나노텍,플라스틱제품 제조업
100120,뷰웍스,의료용 기기 제조업
294570,쿠콘,기타 정보 서비스업
088800,에이스테크,통신 및 방송 장비 제조업
051370,인터플렉스,전자부품 제조업
138610,나이벡,의료용품 및 기타 의약 관련제품 제조업
304100,솔트룩스,소프트웨어 개발 및 공급업
023760,한국캐피탈,기타 금융업
101360,에코앤드림,일차전지 및 이차전지 제조업
098120,마이크로컨텍솔,전자부품 제조업
036170,에이치엠넥스,반도체 제조업
394420,리센스메디컬,의료용 기기 제조업
049630,재영솔루텍,사진장비 및 광학기기 제조업
494120,큐리오시스,사진장비 및 광학기기 제조업
290690,소룩스,전구 및 조명장치 제조업
206640,바디텍메드,의료용품 및 기타 의약 관련제품 제조업
419530,SAMG엔터,"영화, 비디오물, 방송프로그램 제작 및 배급업"
322310,오로스테크놀로지,특수 목적용 기계 제조업
159010,아스플로,일반 목적용 기계 제조업
461300,아이스크림미디어,소프트웨어 개발 및 공급업
115450,HLB테라퓨틱스,기타 전문 도매업
012210,삼미금속,기타 금속 가공제품 제조업
382800,지앤비에스 에코,특수 목적용 기계 제조업
0088M0,메쥬,의료용 기기 제조업
036030,케이티알파,상품 중개업
484810,티엑스알로보틱스,일반 목적용 기계 제조업
045390,대아티아이,기타 전기장비 제조업
067080,대화제약,의약품 제조업
0007C0,아크릴,소프트웨어 개발 및 공급업
126730,코칩,전자부품 제조업
064550,바이오니아,의료용품 및 기타 의약 관련제품 제조업
255220,SG,기타 비금속 광물제품 제조업
053300,한국정보인증,소프트웨어 개발 및 공급업
439090,마녀공장,기타 화학제품 제조업
011560,세보엠이씨,건물설비 설치 공사업
232680,라온로보틱스,특수 목적용 기계 제조업
119610,인터로조,의료용 기기 제조업
123860,아나패스,반도체 제조업
464080,에스오에스랩,"측정, 시험, 항해, 제어 및 기타 정밀기기 제조업; 광학기기 제외"
065710,서호전기,"전동기, 발전기 및 전기 변환 · 공급 · 제어 장치 제조업"
068930,디지털대성,일반 교습 학원
013120,동원개발,건물 건설업
418550,제이오,"건축기술, 엔지니어링 및 관련 기술 서비스업"
432720,퀄리타스반도체,반도체 제조업
214180,헥토이노베이션,기타 정보 서비스업
402490,그린리소스,반도체 제조업
119830,아이텍,"그외 기타 전문, 과학 및 기술 서비스업"
092070,디엔에프,기타 화학제품 제조업
054450,텔레칩스,반도체 제조업
380540,옵티코어,마그네틱 및 광학 매체 제조업
149950,아바텍,전자부품 제조업
126600,BGF에코머티리얼즈,합성고무 및 플라스틱 물질 제조업
417010,나노팀,일반 목적용 기계 제조업
192440,슈피겐코리아,그외 기타 제품 제조업
308080,바이젠셀,자연과학 및 공학 연구개발업
353810,이지바이오,동물용 사료 및 조제식품 제조업
405100,큐알티,"그외 기타 전문, 과학 및 기술 서비스업"
256840,한국비엔씨,기초 의약물질 제조업
034810,해성산업,기타 금융업
211270,AP위성,통신 및 방송 장비 제조업
005710,대원산업,자동차 신품 부품 제조업
083310,엘오티베큠,특수 목적용 기계 제조업
094820,일진파워,전기 및 통신 공사업
036560,KZ정밀,일반 목적용 기계 제조업
446540,메가터치,일차전지 및 이차전지 제조업
237880,클리오,기타 화학제품 제조업
457550,우진엔텍,"그외 기타 전문, 과학 및 기술 서비스업"
052330,코텍,영상 및 음향기기 제조업
418420,라온텍,전자부품 제조업
078070,유비쿼스홀딩스,기타 금융업
462860,더즌,전기 통신업
042600,새로닉스,전자부품 제조업
138360,앤로보틱스,특수 목적용 기계 제조업
194480,데브시스터즈,소프트웨어 개발 및 공급업
372170,윤성에프앤씨,특수 목적용 기계 제조업
102120,어보브반도체,반도체 제조업
041020,폴라리스오피스,소프트웨어 개발 및 공급업
488280,에스투더블유,소프트웨어 개발 및 공급업
126700,하이비젼시스템,사진장비 및 광학기기 제조업
122990,와이솔,전자부품 제조업
484120,도우인시스,전자부품 제조업
121440,골프존홀딩스,상품 중개업
474170,루미르,"항공기,우주선 및 부품 제조업"
083930,아바코,특수 목적용 기계 제조업
039840,디오,의료용 기기 제조업
264850,이랜시스,전자부품 제조업
016790,현대사료,동물용 사료 및 조제식품 제조업
108380,대양전기공업,선박 및 보트 건조업
066620,국보디자인,실내건축 및 건축마무리 공사업
321550,티움바이오,자연과학 및 공학 연구개발업
032580,피델릭스,반도체 제조업
489500,엘케이켐,기타 화학제품 제조업
361390,제노코,통신 및 방송 장비 제조업
036190,금화피에스시,전기 및 통신 공사업
264450,유비쿼스,통신 및 방송 장비 제조업
086820,바이오솔루션,기초 의약물질 제조업
199430,케이엔알시스템,"측정, 시험, 항해, 제어 및 기타 정밀기기 제조업; 광학기기 제외"
039830,오로라,전문디자인업
176750,듀켐바이오,의약품 제조업
293580,나우IB,기타 금융업
403850,더핑크퐁컴퍼니,"영화, 비디오물, 방송프로그램 제작 및 배급업"
216080,제테마,의료용품 및 기타 의약 관련제품 제조업
123410,코리아에프티,자동차 신품 부품 제조업
452450,피아이이,특수 목적용 기계 제조업
481070,에이유브랜즈,"섬유, 의복, 신발 및 가죽제품 소매업"
024060,흥구석유,기타 전문 도매업
270660,에브리봇,가정용 기기 제조업
123330,제닉,기타 화학제품 제조업
950140,잉글우드랩,기타 화학제품 제조업
024840,KBI메탈,1차 비철금속 제조업
071200,인피니트헬스케어,소프트웨어 개발 및 공급업
039860,나노엔텍,의료용 기기 제조업
042420,네오위즈홀딩스,소프트웨어 개발 및 공급업
058820,CMG제약,의약품 제조업
377450,리파인,기타 정보 서비스업
118990,모트렉스,자동차 신품 부품 제조업
371950,풍원정밀,전자부품 제조업
187790,나노,기초 화학물질 제조업
388050,지투파워,"전동기, 발전기 및 전기 변환 · 공급 · 제어 장치 제조업"
082800,비보존 제약,의약품 제조업
024800,유성티엔에스,육상 여객 운송업
114840,아이패밀리에스씨,기타 화학제품 제조업
092130,이크레더블,기타 정보 서비스업
267320,나인테크,특수 목적용 기계 제조업
037030,파워넷,"전동기, 발전기 및 전기 변환 · 공급 · 제어 장치 제조업"
209640,와이제이링크,특수 목적용 기계 제조업
146320,비씨엔씨,반도체 제조업
080160,모두투어,여행사 및 기타 여행보조 서비스업
285490,노바텍,그외 기타 제품 제조업
032620,GC메디아이,소프트웨어 개발 및 공급업
226590,엠디바이스,전자부품 제조업
458650,성우,일차전지 및 이차전지 제조업
079960,동양이엔피,"전동기, 발전기 및 전기 변환 · 공급 · 제어 장치 제조업"
140670,알에스오토메이션,전자부품 제조업
143160,아이디스,통신 및 방송 장비 제조업
115500,케이씨에스,"컴퓨터 프로그래밍, 시스템 통합 및 관리업"
259630,엠플러스,특수 목적용 기계 제조업
203400,에이비온,자연과학 및 공학 연구개발업
049430,코메론,"측정, 시험, 항해, 제어 및 기타 정밀기기 제조업; 광학기기 제외"
007330,푸른저축은행,은행 및 저축기관
307930,컴퍼니케이,기타 금융업
086980,쇼박스,"영화, 비디오물, 방송프로그램 제작 및 배급업"
147830,제룡산업,"구조용 금속제품, 탱크 및 증기발생기 제조업"
380550,뉴로핏,소프트웨어 개발 및 공급업
038390,레드캡투어,여행사 및 기타 여행보조 서비스업
106190,하이텍팜,기초 의약물질 제조업
289080,SV인베스트먼트,기타 금융업
104480,티케이케미칼,화학섬유 제조업
234690,녹십자웰빙,의약품 제조업
166480,코아스템켐온,의약품 제조업
036010,아비코전자,전자부품 제조업
066410,버킷스튜디오,전기 통신업
046070,코다코,자동차 신품 부품 제조업
095700,제넥신,자연과학 및 공학 연구개발업
445180,퓨릿,기초 화학물질 제조업
060150,인선이엔티,폐기물 처리업
023910,대한약품,의약품 제조업
143240,사람인,"자료처리, 호스팅, 포털 및 기타 인터넷 정보매개 서비스업"
142210,유니트론텍,자동차 부품 및 내장품 판매업
021080,에이티넘인베스트,신탁업 및 집합투자업
221800,지구홀딩스,기타 과학기술 서비스업
179290,엠아이텍,의료용 기기 제조업
083500,에프엔에스테크,특수 목적용 기계 제조업
049960,쎌바이오텍,기초 의약물질 제조업
046440,KG파이낸셜,소프트웨어 개발 및 공급업
051980,중앙첨단소재,통신 및 방송 장비 제조업
473980,노머스,창작 및 예술관련 서비스업
047310,파워로직스,"전동기, 발전기 및 전기 변환 · 공급 · 제어 장치 제조업"
011040,경동제약,의약품 제조업
260970,에스앤디,기타 식품 제조업
005990,매일홀딩스,동·식물성 유지 및 낙농제품 제조업
289930,웨이비스,반도체 제조업
222040,코스맥스엔비티,기타 식품 제조업
039560,다산네트웍스,통신 및 방송 장비 제조업
053080,케이엔솔,일반 목적용 기계 제조업
048870,시너지이노베이션,의료용 기기 제조업
073010,케이에스피,일반 목적용 기계 제조업
013990,아가방컴퍼니,생활용품 도매업
282880,코윈테크,특수 목적용 기계 제조업
293780,압타바이오,자연과학 및 공학 연구개발업
054800,아이디스홀딩스,기타 전문 서비스업
072870,메가스터디,"서적, 잡지 및 기타 인쇄물 출판업"
125210,아모그린텍,전자부품 제조업
105330,케이엔더블유,자동차 신품 부품 제조업
067280,멀티캠퍼스,기타 교육기관
0011A0,액스비스,기타 전기장비 제조업
062970,한국첨단소재,통신 및 방송 장비 제조업
469610,이노테크,특수 목적용 기계 제조업
001540,안국약품,의약품 제조업
192410,오늘이엔엠,통신 및 방송 장비 제조업
300080,플리토,"자료처리, 호스팅, 포털 및 기타 인터넷 정보매개 서비스업"
396300,세아메카닉스,기타 금속 가공제품 제조업
158430,아톤,소프트웨어 개발 및 공급업
059120,아진엑스텍,반도체 제조업
040160,누리플렉스,소프트웨어 개발 및 공급업
334970,프레스티지바이오로직스,의약품 제조업
041440,현대에버다임,특수 목적용 기계 제조업
264660,씨앤지하이테크,특수 목적용 기계 제조업
093190,빅솔론,컴퓨터 및 주변장치 제조업
220260,켐트로스,기타 화학제품 제조업
299030,하나기술,특수 목적용 기계 제조업
056090,시지메드텍,의료용 기기 제조업
101170,우림피티에스,일반 목적용 기계 제조업
023600,삼보판지,"펄프, 종이 및 판지 제조업"
008830,대동기어,특수 목적용 기계 제조업
108230,톱텍,특수 목적용 기계 제조업
263860,지니언스,소프트웨어 개발 및 공급업
217270,넵튠,소프트웨어 개발 및 공급업
204610,티쓰리,소프트웨어 개발 및 공급업
017510,세명전기,기타 금속 가공제품 제조업
307750,국전,의약품 제조업
049720,고려신용정보,기타 사업지원 서비스업
163730,핑거,소프트웨어 개발 및 공급업
297890,HB솔루션,특수 목적용 기계 제조업
331920,셀레믹스,기초 의약물질 제조업
205500,넥써쓰,소프트웨어 개발 및 공급업
115310,인포바인,전기 통신업
054920,한컴위드,소프트웨어 개발 및 공급업
086670,비엠티,일반 목적용 기계 제조업
005160,동국산업,1차 철강 제조업
474610,RF시스템즈,기타 금속 가공제품 제조업
240550,동방메디컬,의료용 기기 제조업
381620,제닉스로보틱스,특수 목적용 기계 제조업
452190,한빛레이저,특수 목적용 기계 제조업
148150,세경하이테크,전자부품 제조업
475230,엔알비,기타 금속 가공제품 제조업
047560,이스트소프트,소프트웨어 개발 및 공급업
101970,우양에이치씨,"구조용 금속제품, 탱크 및 증기발생기 제조업"
038290,마크로젠,"그외 기타 전문, 과학 및 기술 서비스업"
109740,디에스케이,특수 목적용 기계 제조업
086890,이수앱지스,의료용품 및 기타 의약 관련제품 제조업
269620,시스웍,"측정, 시험, 항해, 제어 및 기타 정밀기기 제조업; 광학기기 제외"
340450,지씨지놈,"그외 기타 전문, 과학 및 기술 서비스업"
408920,메쎄이상,기타 사업지원 서비스업
396270,넥스트칩,반도체 제조업
037350,성도이엔지,"건축기술, 엔지니어링 및 관련 기술 서비스업"
297090,씨에스베어링,일반 목적용 기계 제조업
322180,LS티라유텍,소프트웨어 개발 및 공급업
256940,킵스파마,의약품 제조업
321370,센서뷰,전자부품 제조업
453450,그리드위즈,"그외 기타 전문, 과학 및 기술 서비스업"
003100,선광,기타 운송관련 서비스업
136540,윈스테크넷,"컴퓨터 프로그래밍, 시스템 통합 및 관리업"
032940,원익,기계장비 및 관련 물품 도매업
357580,아모센스,전자부품 제조업
290740,액트로,전자부품 제조업
095190,신화프리텍,기타 금속 가공제품 제조업
080420,모다이노칩,"섬유, 의복, 신발 및 가죽제품 소매업"
205100,엑셈,소프트웨어 개발 및 공급업
002230,피에스텍,"측정, 시험, 항해, 제어 및 기타 정밀기기 제조업; 광학기기 제외"
068790,DMS,특수 목적용 기계 제조업
212560,네오오토,자동차 신품 부품 제조업
122450,KX,텔레비전 방송업
069510,에스텍,영상 및 음향기기 제조업
036630,세종텔레콤,전기 및 통신 공사업
036690,코맥스,통신 및 방송 장비 제조업
053700,삼보모터스,자동차 신품 부품 제조업
323350,다원넥스뷰,특수 목적용 기계 제조업
037070,파세코,가정용 기기 제조업
323990,박셀바이오,자연과학 및 공학 연구개발업
306620,지아이에스,특수 목적용 기계 제조업
067990,도이치모터스,자동차 판매업
0004V0,엔비알모션,기타 금속 가공제품 제조업
051160,지어소프트,소프트웨어 개발 및 공급업
088130,동아엘텍,특수 목적용 기계 제조업
090850,현대이지웰,소프트웨어 개발 및 공급업
215100,로보로보,기타 전기장비 제조업
093640,케이알엠,반도체 제조업
040300,YTN,"영화, 비디오물, 방송프로그램 제작 및 배급업"
950250,테라뷰,기타 금융업
027710,팜스토리,동물용 사료 및 조제식품 제조업
333430,일승,선박 및 보트 건조업
123040,엠에스오토텍,자동차 신품 부품 제조업
365330,에스와이스틸텍,"구조용 금속제품, 탱크 및 증기발생기 제조업"
078890,가온그룹,통신 및 방송 장비 제조업
040350,크레오에스지,"컴퓨터 프로그래밍, 시스템 통합 및 관리업"
107600,새빗켐,기타 화학제품 제조업
382840,원준,특수 목적용 기계 제조업
006620,동구바이오제약,의약품 제조업
089600,KT나스미디어,광고업
412350,레이저쎌,특수 목적용 기계 제조업
235980,메드팩토,자연과학 및 공학 연구개발업
366030,공구우먼,의복 액세서리 제조업
331740,아우토크립트,소프트웨어 개발 및 공급업
156100,엘앤케이바이오,의료용 기기 제조업
338220,뷰노,소프트웨어 개발 및 공급업
336680,탑런토탈솔루션,전자부품 제조업
013310,아진산업,자동차 신품 부품 제조업
310200,애니플러스,"영화, 비디오물, 방송프로그램 제작 및 배급업"
071280,로체시스템즈,특수 목적용 기계 제조업
330730,스톤브릿지벤처스,기타 금융업
041590,플래스크,실내건축 및 건축마무리 공사업
388790,라이콤,통신 및 방송 장비 제조업
054540,삼영엠텍,"구조용 금속제품, 탱크 및 증기발생기 제조업"
389030,지니너스,자연과학 및 공학 연구개발업
115440,우리넷,통신 및 방송 장비 제조업
063570,NICE인프라,기타 사업지원 서비스업
339950,아이비김영,일반 교습 학원
172670,에이엘티,반도체 제조업
086960,MDS테크,소프트웨어 개발 및 공급업
049520,유아이엘,전자부품 제조업
054050,NH농우바이오,작물 재배업
041520,이엘씨,"측정, 시험, 항해, 제어 및 기타 정밀기기 제조업; 광학기기 제외"
487580,폴레드,가정용 기기 제조업
052260,현대바이오랜드,기타 화학제품 제조업
053260,금강철강,1차 철강 제조업
073560,우리손에프앤지,"도축, 육류 가공 및 저장 처리업"
047770,코데즈컴바인,봉제의복 제조업
052900,KX하이텍,플라스틱제품 제조업
018120,진로발효,알코올음료 제조업
263720,디앤씨미디어,"서적, 잡지 및 기타 인쇄물 출판업"
250060,모비스,"컴퓨터 프로그래밍, 시스템 통합 및 관리업"
129920,대성하이텍,특수 목적용 기계 제조업
475580,에이럭스,그외 기타 제품 제조업
067900,와이엔텍,폐기물 처리업
234030,싸이닉솔루션,반도체 제조업
214680,디알텍,의료용 기기 제조업
223250,드림씨아이에스,자연과학 및 공학 연구개발업
255440,야스,특수 목적용 기계 제조업
417500,제이아이테크,기타 화학제품 제조업
309960,LB인베스트먼트,기타 금융업
141000,비아트론,특수 목적용 기계 제조업
109610,에스와이,"구조용 금속제품, 탱크 및 증기발생기 제조업"
228850,레이언스,의료용 기기 제조업
049950,미래컴퍼니,특수 목적용 기계 제조업
396470,워트,특수 목적용 기계 제조업
322510,제이엘케이,소프트웨어 개발 및 공급업
217820,원익피앤이,특수 목적용 기계 제조업
317770,엑스페릭스,전자부품 제조업
950190,고스트스튜디오,소프트웨어 개발 및 공급업
009780,엠에스씨,기타 식품 제조업
005860,한일사료,동물용 사료 및 조제식품 제조업
038540,상상인,"컴퓨터 프로그래밍, 시스템 통합 및 관리업"
131030,옵투스제약,의약품 제조업
042510,라온시큐어,소프트웨어 개발 및 공급업
085670,뉴프렉스,전자부품 제조업
493330,지에프아이,일반 목적용 기계 제조업
021320,KCC건설,건물 건설업
065450,빅텍,"측정, 시험, 항해, 제어 및 기타 정밀기기 제조업; 광학기기 제외"
052860,아이앤씨,반도체 제조업
456070,이엔셀,기초 의약물질 제조업
389140,포바이포,"영화, 비디오물, 방송프로그램 제작 및 배급업"
092040,아미코젠,기타 식품 제조업
104460,디와이피엔에프,일반 목적용 기계 제조업
212710,아이에스티이,반도체 제조업
149980,하이로닉,의료용 기기 제조업
225190,LK삼양,사진장비 및 광학기기 제조업
059270,해성에어로보틱스,기타 금속 가공제품 제조업
182360,큐브엔터,오디오물 출판 및 원판 녹음업
035080,그래디언트,무점포 소매업
045970,코아시아,전자부품 제조업
025950,동신건설,토목 건설업
360070,탑머티리얼,일차전지 및 이차전지 제조업
282720,금양그린파워,전기 및 통신 공사업
032300,한국파마,의약품 제조업
0007J0,인벤테라,자연과학 및 공학 연구개발업
066430,아이로보틱스,기타 전문 도매업
039340,한국경제TV,텔레비전 방송업
038110,에코플라스틱,자동차 신품 부품 제조업
039980,폴라리스AI,"컴퓨터 프로그래밍, 시스템 통합 및 관리업"
029480,광무,통신 및 방송 장비 제조업
489460,바이오비쥬,기타 화학제품 제조업
413630,씨피시스템,플라스틱제품 제조업
023900,풍국주정,알코올음료 제조업
044990,에이치엔에스하이텍,전자부품 제조업
096250,와이즈넛,소프트웨어 개발 및 공급업
063080,컴투스홀딩스,소프트웨어 개발 및 공급업
0015S0,페스카로,"그외 기타 전문, 과학 및 기술 서비스업"
246720,아스타,의료용품 및 기타 의약 관련제품 제조업
066310,큐에스아이,반도체 제조업
246710,티앤알바이오팹,기초 의약물질 제조업
036220,오상헬스케어,의료용 기기 제조업
173130,오파스넷,"컴퓨터 프로그래밍, 시스템 통합 및 관리업"
000440,중앙에너비스,기타 전문 도매업
059210,메타바이오메드,의료용품 및 기타 의약 관련제품 제조업
120240,대정화금,기초 화학물질 제조업
226400,오스테오닉,의료용 기기 제조업
265740,엔에프씨,기타 화학제품 제조업
100700,세운메디칼,의료용품 및 기타 의약 관련제품 제조업
047820,초록뱀미디어,"영화, 비디오물, 방송프로그램 제작 및 배급업"
352090,스톰테크,플라스틱제품 제조업
131400,이브이첨단소재,전자부품 제조업
066790,씨씨에스,텔레비전 방송업
417970,모델솔루션,특수 목적용 기계 제조업
357230,에이치피오,기타 식품 제조업
131370,알서포트,소프트웨어 개발 및 공급업
049080,기가레인,전자부품 제조업
096240,크레버스,일반 교습 학원
067000,조이시티,소프트웨어 개발 및 공급업
464490,쿼드메디슨,기초 의약물질 제조업
068240,다원시스,"전동기, 발전기 및 전기 변환 · 공급 · 제어 장치 제조업"
443670,에스피소프트,"컴퓨터 프로그래밍, 시스템 통합 및 관리업"
377480,마음AI,소프트웨어 개발 및 공급업
063170,서울옥션,상품 중개업
136150,원일티엔아이,일반 목적용 기계 제조업
042500,링네트,"컴퓨터 프로그래밍, 시스템 통합 및 관리업"
950130,엑세스바이오,의료용품 및 기타 의약 관련제품 제조업
225530,HC보광산업,기타 비금속 광물제품 제조업
451220,아이엠티,특수 목적용 기계 제조업
078140,대봉엘에스,의약품 제조업
099750,이지케어텍,소프트웨어 개발 및 공급업
457370,한켐,기초 화학물질 제조업
288180,케이피항공산업,"항공기,우주선 및 부품 제조업"
408470,한패스,기타 금융업
074430,아미노로직스,기초 의약물질 제조업
290720,푸드나무,무점포 소매업
086710,선진뷰티사이언스,기타 화학제품 제조업
033290,로젠,"섬유, 의복, 신발 및 가죽제품 소매업"
090470,제이스로보틱스,특수 목적용 기계 제조업
039010,현대에이치티,통신 및 방송 장비 제조업
100590,머큐리,통신 및 방송 장비 제조업
024880,케이피에프,기타 금속 가공제품 제조업
298540,더네이쳐홀딩스,의복 액세서리 제조업
217330,싸이토젠,자연과학 및 공학 연구개발업
035610,솔본,회사 본부 및 경영 컨설팅 서비스업
094840,슈프리마에이치큐,통신 및 방송 장비 제조업
311320,지오엘리먼트,전자부품 제조업
303810,동국생명과학,의약품 제조업
066700,테라젠이텍스,의약품 제조업
101330,모베이스,통신 및 방송 장비 제조업
033340,좋은사람들,봉제의복 제조업
411080,샌즈랩,소프트웨어 개발 및 공급업
066980,한성크린텍,"건축기술, 엔지니어링 및 관련 기술 서비스업"
052420,오성첨단소재,플라스틱제품 제조업
189330,씨이랩,소프트웨어 개발 및 공급업
053580,웹케시,소프트웨어 개발 및 공급업
262260,에이프로,기타 전기장비 제조업
476040,오가노이드사이언스,자연과학 및 공학 연구개발업
348350,위드텍,"측정, 시험, 항해, 제어 및 기타 정밀기기 제조업; 광학기기 제외"
076610,해성옵틱스,사진장비 및 광학기기 제조업
100130,동국S&C,"구조용 금속제품, 탱크 및 증기발생기 제조업"
203690,아크솔루션스,"펄프, 종이 및 판지 제조업"
117670,알파칩스,반도체 제조업
330350,위더스제약,의약품 제조업
040420,정상제이엘에스,일반 교습 학원
347890,엠엑스온,"측정, 시험, 항해, 제어 및 기타 정밀기기 제조업; 광학기기 제외"
010280,아이티센엔텍,"컴퓨터 프로그래밍, 시스템 통합 및 관리업"
072020,중앙백신,기초 의약물질 제조업
072950,빛샘전자,전자부품 제조업
142280,녹십자엠에스,의료용품 및 기타 의약 관련제품 제조업
011370,서한,건물 건설업
302550,리메드,의료용 기기 제조업
337930,젝시믹스,기타 정보 서비스업
418470,KT밀리의서재,"서적, 잡지 및 기타 인쇄물 출판업"
079810,APS이노베이션,기타 전기장비 제조업
009300,삼아제약,의약품 제조업
321260,프로이천,반도체 제조업
093920,서원인텍,통신 및 방송 장비 제조업
088390,이녹스,그외 기타 운송장비 제조업
011320,유니크,자동차 신품 부품 제조업
041930,SY동아,고무제품 제조업
040910,아이씨디,특수 목적용 기계 제조업
382480,지아이텍,특수 목적용 기계 제조업
251120,바이오에프디엔씨,기초 의약물질 제조업
014470,부방,부동산 임대 및 공급업
043610,KT지니뮤직,영상·오디오물 제공 서비스업
024830,세원물산,자동차 신품 부품 제조업
101670,하이드로리튬,"구조용 금속제품, 탱크 및 증기발생기 제조업"
263800,데이타솔루션,기계장비 및 관련 물품 도매업
460940,피앤에스로보틱스,의료용 기기 제조업
004650,창해에탄올,알코올음료 제조업
003310,대주산업,동물용 사료 및 조제식품 제조업
130580,나이스디앤비,기타 사업지원 서비스업
058630,엠게임,소프트웨어 개발 및 공급업
424960,스마트레이더시스템,"측정, 시험, 항해, 제어 및 기타 정밀기기 제조업; 광학기기 제외"
208370,셀바스헬스케어,의료용 기기 제조업
475430,키스트론,절연선 및 케이블 제조업
294630,서남,기타 전기장비 제조업
004590,한국가구,기타 상품 전문 소매업
950220,네오이뮨텍,자연과학 및 공학 연구개발업
049180,셀루메드,기초 의약물질 제조업
066590,스모트로닉,자동차 신품 부품 제조업
253840,수젠텍,의료용품 및 기타 의약 관련제품 제조업
048530,인트론바이오,기초 의약물질 제조업
183490,엔지켐생명과학,기초 의약물질 제조업
432470,케이엔에스,특수 목적용 기계 제조업
037760,쎄니트,1차 철강 제조업
419050,삼기에너지솔루션즈,자동차 신품 부품 제조업
307870,비투엔,소프트웨어 개발 및 공급업
362320,청담글로벌,생활용품 도매업
299660,셀리드,자연과학 및 공학 연구개발업
123010,알엔티엑스,전자부품 제조업
048550,SM C&C,광고업
370090,퓨런티어,"측정, 시험, 항해, 제어 및 기타 정밀기기 제조업; 광학기기 제외"
054670,대한뉴팜,의약품 제조업
091120,이엠텍,전자부품 제조업
175250,아이큐어,기타 화학제품 제조업
030960,양지사,인쇄 및 인쇄관련 산업
228670,레이,의료용 기기 제조업
019550,SBI인베스트먼트,신탁업 및 집합투자업
234300,에스트래픽,"컴퓨터 프로그래밍, 시스템 통합 및 관리업"
412540,제일엠앤에스,특수 목적용 기계 제조업
317830,에스피시스템스,특수 목적용 기계 제조업
065510,휴비츠,의료용 기기 제조업
147760,피엠티,"측정, 시험, 항해, 제어 및 기타 정밀기기 제조업; 광학기기 제외"
007820,엠엑스로보틱스,일반 목적용 기계 제조업
067370,선바이오,의약품 제조업
054620,APS,기타 금융업
060590,씨티씨바이오,의약품 제조업
060310,3S,"측정, 시험, 항해, 제어 및 기타 정밀기기 제조업; 광학기기 제외"
273640,와이엠텍,"전동기, 발전기 및 전기 변환 · 공급 · 제어 장치 제조업"
205470,휴마시스,의료용품 및 기타 의약 관련제품 제조업
222160,NPX,특수 목적용 기계 제조업
089230,THE E&M,기타 정보 서비스업
413390,엠오티,특수 목적용 기계 제조업
110790,크리스에프앤씨,봉제의복 제조업
320000,한울반도체,특수 목적용 기계 제조업
020710,시공테크,전문디자인업
014970,삼륭물산,"골판지, 종이 상자 및 종이용기 제조업"
170030,현대공업,자동차 신품 부품 제조업
024740,한일단조,자동차 신품 부품 제조업
084730,팅크웨어,통신 및 방송 장비 제조업
238090,앤디포스,플라스틱제품 제조업
0015N0,아로마티카,기타 화학제품 제조업
448710,코츠테크놀로지,컴퓨터 및 주변장치 제조업
054040,한국컴퓨터,전자부품 제조업
265560,영화테크,자동차 신품 부품 제조업
277880,티에스아이,특수 목적용 기계 제조업
388870,파로스아이바이오,자연과학 및 공학 연구개발업
044340,위닉스,가정용 기기 제조업
102370,케이옥션,상품 중개업
019540,일지테크,자동차 신품 부품 제조업
017650,대림제지,기타 종이 및 판지 제품 제조업
006140,피제이전자,의료용 기기 제조업
026150,특수건설,토목 건설업
463020,뉴엔AI,소프트웨어 개발 및 공급업
302430,이노메트리,특수 목적용 기계 제조업
201490,미투온,소프트웨어 개발 및 공급업
036640,HRS,합성고무 및 플라스틱 물질 제조업
067570,엔브이에이치코리아,자동차 신품 부품 제조업
064800,포니링크,"섬유, 의복, 신발 및 가죽제품 소매업"
048770,TPC로보틱스,일반 목적용 기계 제조업
038460,바이오스마트,전자부품 제조업
082850,우리바이오,기타 식품 제조업
171120,라이온켐텍,기타 화학제품 제조업
041910,폴라리스AI파마,의약품 제조업
083790,CG인바이츠,자연과학 및 공학 연구개발업
900260,로스웰,기타 금융업
058400,KNN,텔레비전 방송업
012700,리드코프,기타 전문 도매업
017480,삼현철강,1차 철강 제조업
067290,JW신약,의약품 제조업
038680,에스넷,"컴퓨터 프로그래밍, 시스템 통합 및 관리업"
439580,블루엠텍,기타 전문 도매업
373200,엑스플러스,그외 기타 제품 제조업
025550,한국선재,1차 철강 제조업
128660,피제이메탈,1차 비철금속 제조업
261780,아리바이오랩,자연과학 및 공학 연구개발업
168330,내츄럴엔도텍,자연과학 및 공학 연구개발업
900250,크리스탈신소재,기타 금융업
175140,휴먼테크놀로지,통신 및 방송 장비 제조업
056360,코위버,통신 및 방송 장비 제조업
217190,제너셈,특수 목적용 기계 제조업
208140,정다운,"도축, 육류 가공 및 저장 처리업"
348150,고바이오랩,자연과학 및 공학 연구개발업
045660,에이텍,일반 목적용 기계 제조업
039610,화성밸브,일반 목적용 기계 제조업
290660,다이나믹솔루션,의료용 기기 제조업
096350,대창솔루션,"구조용 금속제품, 탱크 및 증기발생기 제조업"
081150,티플랙스,1차 비철금속 제조업
092300,현우산업,전자부품 제조업
340360,다보링크,통신 및 방송 장비 제조업
048430,유라테크,"전동기, 발전기 및 전기 변환 · 공급 · 제어 장치 제조업"
081180,쎄크,일반 목적용 기계 제조업
124560,태웅로직스,기타 운송관련 서비스업
049480,오픈베이스,"컴퓨터 프로그래밍, 시스템 통합 및 관리업"
002800,신신제약,의약품 제조업
036000,예림당,"서적, 잡지 및 기타 인쇄물 출판업"
053280,예스24,무점포 소매업
241690,유니테크노,자동차 신품 부품 제조업
094940,푸른로보틱스,컴퓨터 및 주변장치 제조업
263600,덕우전자,전자부품 제조업
459100,위츠,전자부품 제조업
162300,신스틸,1차 철강 제조업
452200,민테크,"측정, 시험, 항해, 제어 및 기타 정밀기기 제조업; 광학기기 제외"
032850,비트컴퓨터,소프트웨어 개발 및 공급업
234920,자이글,가정용 기기 제조업
251630,브이원텍,특수 목적용 기계 제조업
391710,코닉오토메이션,특수 목적용 기계 제조업
478560,블랙야크아이앤씨,신발 및 신발 부분품 제조업
347860,알체라,소프트웨어 개발 및 공급업
061040,알에프텍,통신 및 방송 장비 제조업
033130,디지틀조선,"자료처리, 호스팅, 포털 및 기타 인터넷 정보매개 서비스업"
204840,지엘팜텍,생활용품 도매업
094860,네오리진,소프트웨어 개발 및 공급업
315640,딥노이드,소프트웨어 개발 및 공급업
105740,디케이락,일반 목적용 기계 제조업
140070,서플러스글로벌,기계장비 및 관련 물품 도매업
451250,삐아,기타 화학제품 제조업
065530,와이어블,전기 통신업
033230,인성정보,"컴퓨터 프로그래밍, 시스템 통합 및 관리업"
073640,테라사이언스,기타 금속 가공제품 제조업
126880,제이엔케이글로벌,일반 목적용 기계 제조업
453860,에이에스텍,기타 화학제품 제조업
216050,인크로스,광고업
443250,레뷰코퍼레이션,광고업
067170,오텍,자동차 재제조 부품 제조업
196490,디에이테크놀로지,특수 목적용 기계 제조업
347000,센코,"측정, 시험, 항해, 제어 및 기타 정밀기기 제조업; 광학기기 제외"
187420,HLB제넥스,기초 의약물질 제조업
123420,위메이드플레이,소프트웨어 개발 및 공급업
037440,희림,"건축기술, 엔지니어링 및 관련 기술 서비스업"
198080,캐프,전자부품 제조업
137950,제이씨케미칼,기타 화학제품 제조업
091440,한울소재과학,통신 및 방송 장비 제조업
111710,남화산업,스포츠 서비스업
043710,코스리거글로벌,기타 전문 도매업
463480,모티브링크,전자부품 제조업
032540,TJ미디어,영상 및 음향기기 제조업
191420,테고사이언스,기초 의약물질 제조업
153710,옵티팜,의료용품 및 기타 의약 관련제품 제조업
417790,트루엔,영상 및 음향기기 제조업
215360,우리산업,자동차 신품 부품 제조업
332370,아이디피,컴퓨터 및 주변장치 제조업
061250,화일약품,의약품 제조업
109860,동일금속,금속 주조업
039020,이건홀딩스,제재 및 목재 가공업
080010,이상네트웍스,상품 중개업
126640,화신정공,자동차 신품 부품 제조업
084650,랩지노믹스,자연과학 및 공학 연구개발업
299170,더블유에스아이,생활용품 도매업
382150,온코크로스,자연과학 및 공학 연구개발업
222110,팬젠,의약품 제조업
192250,케이사인,소프트웨어 개발 및 공급업
217500,러셀,특수 목적용 기계 제조업
321820,아티스트컴퍼니,창작 및 예술관련 서비스업
185490,아이진,자연과학 및 공학 연구개발업
027830,대성창투,신탁업 및 집합투자업
053450,세코닉스,사진장비 및 광학기기 제조업
109080,옵티시스,통신 및 방송 장비 제조업
048910,대원미디어,기타 전문 도매업
331380,포커스에이아이,영상 및 음향기기 제조업
033320,제이씨현시스템,기계장비 및 관련 물품 도매업
060570,드림어스컴퍼니,영상·오디오물 제공 서비스업
145170,노브랜드,편조의복 제조업
311690,CJ 바이오사이언스,자연과학 및 공학 연구개발업
461030,아이엠비디엑스,자연과학 및 공학 연구개발업
288620,에스프리즘,"전동기, 발전기 및 전기 변환 · 공급 · 제어 장치 제조업"
019990,에너토크,일반 목적용 기계 제조업
089850,유비벨록스,소프트웨어 개발 및 공급업
452400,이닉스,자동차 신품 부품 제조업
046210,HLB파나진,의료용품 및 기타 의약 관련제품 제조업
155650,와이엠씨,전자부품 제조업
045340,토탈소프트,소프트웨어 개발 및 공급업
222420,쎄노텍,기타 비금속 광물제품 제조업
039240,경남스틸,1차 철강 제조업
352910,오비고,"컴퓨터 프로그래밍, 시스템 통합 및 관리업"
065130,탑엔지니어링,특수 목적용 기계 제조업
246960,SCL사이언스,의료용품 및 기타 의약 관련제품 제조업
134580,탑코미디어,"자료처리, 호스팅, 포털 및 기타 인터넷 정보매개 서비스업"
065440,이루온,소프트웨어 개발 및 공급업
010470,오리콤,광고업
043650,국순당,알코올음료 제조업
071670,에이테크솔루션,특수 목적용 기계 제조업
039420,케이엘넷,전기 통신업
094850,참좋은여행,여행사 및 기타 여행보조 서비스업
041460,한국전자인증,소프트웨어 개발 및 공급업
229000,젠큐릭스,의료용품 및 기타 의약 관련제품 제조업
104620,노랑풍선,여행사 및 기타 여행보조 서비스업
001840,이화공영,건물 건설업
446840,지슨,"측정, 시험, 항해, 제어 및 기타 정밀기기 제조업; 광학기기 제외"
214270,FSN,소프트웨어 개발 및 공급업
294090,이오플로우,의료용 기기 제조업
214260,라파스,기타 화학제품 제조업
016250,SGC E&C,건물 건설업
067920,이글루,기타 정보 서비스업
010240,흥국,특수 목적용 기계 제조업
012790,신일제약,의약품 제조업
163280,에어레인,일반 목적용 기계 제조업
099220,SDN,기계장비 및 관련 물품 도매업
317690,퀀타매트릭스,의료용 기기 제조업
046940,우원개발,기반조성 및 시설물 축조관련 전문공사업
333620,엔시스,기타 전기장비 제조업
088280,쏘닉스,반도체 제조업
095270,웨이브일렉트로,"측정, 시험, 항해, 제어 및 기타 정밀기기 제조업; 광학기기 제외"
100030,인지소프트,소프트웨어 개발 및 공급업
005670,푸드웰,"과실, 채소 가공 및 저장 처리업"
246690,TS인베스트먼트,신탁업 및 집합투자업
042110,에스씨디,가정용 기기 제조업
024910,경창산업,자동차 신품 부품 제조업
198440,강동씨앤엘,"시멘트, 석회, 플라스터 및 그 제품 제조업"
053050,지에스이,연료용 가스 제조 및 배관공급업
033310,엠투엔,전자부품 제조업
054930,유신,"건축기술, 엔지니어링 및 관련 기술 서비스업"
241790,티이엠씨씨엔에스,특수 목적용 기계 제조업
460870,에스엠씨지,유리 및 유리제품 제조업
014950,삼익제약,의약품 제조업
317530,에피소드컴퍼니,"영화, 비디오물, 방송프로그램 제작 및 배급업"
049550,잉크테크,기타 화학제품 제조업
317850,대모,특수 목적용 기계 제조업
004780,대륙제관,기타 금속 가공제품 제조업
008370,원풍,플라스틱제품 제조업
348080,큐라티스,자연과학 및 공학 연구개발업
064240,홈캐스트,기타 전문 도매업
104040,디에스엠,자동차 신품 부품 제조업
263690,디알젬,의료용 기기 제조업
136410,아셈스,플라스틱제품 제조업
099520,DGI,영상 및 음향기기 제조업
215790,이노인스트루먼트,통신 및 방송 장비 제조업
347740,피엔케이피부임상연구센타,"그외 기타 전문, 과학 및 기술 서비스업"
053620,태양,기타 금속 가공제품 제조업
007370,진양제약,의약품 제조업
036090,위지트,특수 목적용 기계 제조업
245620,EDGC,자연과학 및 공학 연구개발업
424980,마이크로투나노,반도체 제조업
036120,서울평가정보,기타 정보 서비스업
360350,코셈,"측정, 시험, 항해, 제어 및 기타 정밀기기 제조업; 광학기기 제외"
033560,블루콤,영상 및 음향기기 제조업
027050,코리아나,기타 화학제품 제조업
036670,삼양케이씨아이,기타 화학제품 제조업
199550,레이저옵텍,의료용 기기 제조업
460470,아이빔테크놀로지,사진장비 및 광학기기 제조업
278650,HLB바이오스텝,자연과학 및 공학 연구개발업
104540,코렌텍,의료용 기기 제조업
0013V0,삼진식품,수산물 가공 및 저장 처리업
291650,압타머사이언스,자연과학 및 공학 연구개발업
060560,HC홈센타,기타 전문 도매업
095910,에스에너지,"전동기, 발전기 및 전기 변환 · 공급 · 제어 장치 제조업"
290670,대보마그네틱,기타 전기장비 제조업
444530,심플랫폼,소프트웨어 개발 및 공급업
340930,유일에너테크,특수 목적용 기계 제조업
054300,팬스타엔터프라이즈,일반 목적용 기계 제조업
159580,제로투세븐,생활용품 도매업
207760,미스터블루,기타 정보 서비스업
072990,에이치시티,기타 과학기술 서비스업
072470,우리산업홀딩스,자동차 신품 부품 제조업
217480,에스디생명공학,기타 화학제품 제조업
419080,엔젯,특수 목적용 기계 제조업
219550,디와이디,생활용품 도매업
088910,동우팜투테이블,"도축, 육류 가공 및 저장 처리업"
950200,소마젠,"그외 기타 전문, 과학 및 기술 서비스업"
177900,쓰리에이로직스,반도체 제조업
040610,SG&G,자동차 신품 부품 제조업
015710,코콤,통신 및 방송 장비 제조업
050960,수산아이앤티,소프트웨어 개발 및 공급업
305090,마이크로디지탈,의료용 기기 제조업
184230,SGA솔루션즈,소프트웨어 개발 및 공급업
052220,iMBC,영상·오디오물 제공 서비스업
471820,셀로맥스사이언스,기타 식품 제조업
196450,코아시아씨엠,사진장비 및 광학기기 제조업
038010,제일테크노스,"구조용 금속제품, 탱크 및 증기발생기 제조업"
271830,팸텍,특수 목적용 기계 제조업
260930,씨티케이,기타 화학제품 제조업
219420,링크제니시스,소프트웨어 개발 및 공급업
053350,이니텍,소프트웨어 개발 및 공급업
053270,구영테크,자동차 신품 부품 제조업
170790,파이오링크,통신 및 방송 장비 제조업
082210,옵트론텍,사진장비 및 광학기기 제조업
097800,윈팩,반도체 제조업
256630,포인트엔지니어링,기타 금속 가공제품 제조업
373160,데이원컴퍼니,기타 교육기관
122310,제노레이,의료용 기기 제조업
073110,엘엠에스,전자부품 제조업
479960,위너스일렉,기타 전기장비 제조업
378800,샤페론,기초 의약물질 제조업
273060,와이즈버즈,광고업
413640,비아이매트릭스,소프트웨어 개발 및 공급업
408900,스튜디오미르,"영화, 비디오물, 방송프로그램 제작 및 배급업"
232830,아이티센피엔에스,소프트웨어 개발 및 공급업
099410,동방선기,선박 및 보트 건조업
068330,일신바이오,일반 목적용 기계 제조업
318160,셀바이오휴먼텍,기타 섬유제품 제조업
127980,화인써키트,전자부품 제조업
294140,레몬,화학섬유 제조업
096610,알에프세미,반도체 제조업
065500,오리엔트정공,자동차 신품 부품 제조업
063440,SM Life Design,기록매체 복제업
384470,코어라인소프트,소프트웨어 개발 및 공급업
303360,프로티아,의료용 기기 제조업
440290,HB인베스트먼트,기타 금융업
435570,에르코스,도시락 및 식사용 조리식품 제조업
189860,서전기전,"전동기, 발전기 및 전기 변환 · 공급 · 제어 장치 제조업"
466410,사이냅소프트,소프트웨어 개발 및 공급업
261520,이지스,소프트웨어 개발 및 공급업
189690,포시에스,소프트웨어 개발 및 공급업
393970,대진첨단소재,플라스틱제품 제조업
053980,오상자이엘,소프트웨어 개발 및 공급업
465480,인스피언,소프트웨어 개발 및 공급업
037330,인지디스플레,전자부품 제조업
238120,얼라인드,사진장비 및 광학기기 제조업
286750,나노실리칸첨단소재,기초 화학물질 제조업
393210,토마토시스템,소프트웨어 개발 및 공급업
038070,서린바이오,기타 전문 도매업
037230,한국팩키지,"골판지, 종이 상자 및 종이용기 제조업"
227950,엔투텍,특수 목적용 기계 제조업
417860,오브젠,소프트웨어 개발 및 공급업
376930,노을,의료용 기기 제조업
451700,엔에이치스팩29호,금융 지원 서비스업
033170,시그네틱스,반도체 제조업
361570,알비더블유,오디오물 출판 및 원판 녹음업
007680,대원,건물 건설업
432430,와이랩,"영화, 비디오물, 방송프로그램 제작 및 배급업"
042940,상지건설,건물 건설업
299900,위지윅스튜디오,"영화, 비디오물, 방송프로그램 제작 및 배급업"
351330,이삭엔지니어링,"컴퓨터 프로그래밍, 시스템 통합 및 관리업"
196300,HLB펩,기초 의약물질 제조업
143540,영우디에스피,특수 목적용 기계 제조업
355390,크라우드웍스,소프트웨어 개발 및 공급업
114450,그린생명과학,기초 의약물질 제조업
065170,비엘팜텍,음·식료품 및 담배 도매업
277070,린드먼아시아,신탁업 및 집합투자업
014190,원익큐브,기타 전문 도매업
226330,신테카바이오,소프트웨어 개발 및 공급업
179530,애드바이오텍,의약품 제조업
089790,제이티,특수 목적용 기계 제조업
317870,엔바이오니아,그외 기타 제품 제조업
234100,폴라리스세원,자동차 신품 부품 제조업
137080,나래나노텍,특수 목적용 기계 제조업
476080,M83,"영화, 비디오물, 방송프로그램 제작 및 배급업"
369370,블리츠웨이엔터테인먼트,창작 및 예술관련 서비스업
094970,제이엠티,전자부품 제조업
038060,루멘스,반도체 제조업
024950,삼천리자전거,생활용품 도매업
458350,에스팀,기타 사업지원 서비스업
104200,NHN벅스,기타 정보 서비스업
053160,프리엠스,"전동기, 발전기 및 전기 변환 · 공급 · 제어 장치 제조업"
082660,코스나인,기타 화학제품 제조업
418250,시큐레터,소프트웨어 개발 및 공급업
066670,디티씨,부동산 임대 및 공급업
052790,액토즈소프트,소프트웨어 개발 및 공급업
105760,포스뱅크,일반 목적용 기계 제조업
023440,제이스코홀딩스,1차 철강 제조업
189980,흥국에프엔비,비알코올음료 및 얼음 제조업
420570,제이투케이바이오,기타 화학제품 제조업
079000,와토스코리아,플라스틱제품 제조업
016600,큐캐피탈,기타 금융업
051390,YW,상품 종합 도매업
171010,램테크놀러지,기초 화학물질 제조업
452160,제이엔비,특수 목적용 기계 제조업
060850,영림원소프트랩,소프트웨어 개발 및 공급업
065650,하이퍼코퍼레이션,기계장비 및 관련 물품 도매업
314140,알피바이오,의약품 제조업
105550,엣지파운드리,전자부품 제조업
173940,에프엔씨엔터,창작 및 예술관련 서비스업
190650,코리아에셋투자증권,금융 지원 서비스업
452300,캡스톤파트너스,기타 금융업
066130,하츠,가정용 기기 제조업
037950,엘컴텍,전자부품 제조업
066910,손오공,기타 전문 도매업
150900,파수AI,소프트웨어 개발 및 공급업
056700,신화인터텍,플라스틱제품 제조업
376290,씨유테크,전자부품 제조업
450330,하스,의료용품 및 기타 의약 관련제품 제조업
261200,덴티스,의료용 기기 제조업
007530,와이엠,기타 금속 가공제품 제조업
097870,효성오앤비,"비료, 농약 및 살균, 살충제 제조업"
129890,앱코,컴퓨터 및 주변장치 제조업
419120,산돌,소프트웨어 개발 및 공급업
070300,엑스큐어,소프트웨어 개발 및 공급업
288330,파라택시스코리아,"그외 기타 전문, 과학 및 기술 서비스업"
100660,서암기계공업,일반 목적용 기계 제조업
290120,DH오토리드,자동차 신품 부품 제조업
090410,덕신이피씨,"구조용 금속제품, 탱크 및 증기발생기 제조업"
002290,삼일기업공사,건물 건설업
153460,네이블,소프트웨어 개발 및 공급업
069410,엔텔스,소프트웨어 개발 및 공급업
352700,씨앤투스,화학섬유 제조업
218150,미래생명자원,동물용 사료 및 조제식품 제조업
263020,디케이앤디,플라스틱제품 제조업
059100,아이컴포넌트,전자부품 제조업
0010V0,제이피아이헬스케어,의료용 기기 제조업
250000,보라티알,음·식료품 및 담배 도매업
051490,나라엠앤디,특수 목적용 기계 제조업
237820,플레이디,광고업
035460,기산텔레콤,통신 및 방송 장비 제조업
033540,파라텍,특수 목적용 기계 제조업
307280,원바이오젠,의료용품 및 기타 의약 관련제품 제조업
033830,티비씨,텔레비전 방송업
178780,일월지엠엘,상품 종합 도매업
127710,아시아경제,"자료처리, 호스팅, 포털 및 기타 인터넷 정보매개 서비스업"
019770,서연탑메탈,특수 목적용 기계 제조업
221840,하이즈항공,"항공기,우주선 및 부품 제조업"
215090,솔디펜스,"측정, 시험, 항해, 제어 및 기타 정밀기기 제조업; 광학기기 제외"
087600,픽셀플러스,전자부품 제조업
263810,상신전자,전자부품 제조업
122690,서진오토모티브,자동차 신품 부품 제조업
088340,유라클,소프트웨어 개발 및 공급업
215380,우정바이오,자연과학 및 공학 연구개발업
025880,케이씨피드,동물용 사료 및 조제식품 제조업
263770,유에스티,1차 철강 제조업
256150,한독크린텍,일반 목적용 기계 제조업
140520,대창스틸,1차 철강 제조업
072770,멤레이비티,"컴퓨터 프로그래밍, 시스템 통합 및 관리업"
052460,아이크래프트,"컴퓨터 프로그래밍, 시스템 통합 및 관리업"
364950,에이아이코리아,특수 목적용 기계 제조업
049470,비트플래닛,소프트웨어 개발 및 공급업
066900,디에이피,전자부품 제조업
200350,아티스트스튜디오,"영화, 비디오물, 방송프로그램 제작 및 배급업"
260660,알리코제약,의료용품 및 기타 의약 관련제품 제조업
469750,아이비젼웍스,특수 목적용 기계 제조업
047080,한빛소프트,소프트웨어 개발 및 공급업
044960,이글벳,기타 전문 도매업
186230,그린플러스,1차 비철금속 제조업
032960,동일기연,전자부품 제조업
091590,남화토건,건물 건설업
089150,케이씨티,"컴퓨터 프로그래밍, 시스템 통합 및 관리업"
297570,알로이스,통신 및 방송 장비 제조업
086040,바이오톡스텍,자연과학 및 공학 연구개발업
049830,승일,기타 금속 가공제품 제조업
239890,피엔에이치테크,기초 화학물질 제조업
200780,비씨월드제약,의약품 제조업
407400,꿈비,가구 제조업
289220,자이언트스텝,"영화, 비디오물, 방송프로그램 제작 및 배급업"
122350,삼기,자동차 신품 부품 제조업
311390,네오크레마,기타 식품 제조업
101240,씨큐브,기초 화학물질 제조업
383930,디티앤씨알오,자연과학 및 공학 연구개발업
064090,인크레더블버즈,상품 종합 도매업
224110,에이텍모빌리티,통신 및 방송 장비 제조업
208710,포톤,전자부품 제조업
221980,케이디켐,기타 화학제품 제조업
340810,시선AI,소프트웨어 개발 및 공급업
020180,대신정보통신,"컴퓨터 프로그래밍, 시스템 통합 및 관리업"
026040,제이에스티나,귀금속 및 장신용품 제조업
050860,아세아텍,특수 목적용 기계 제조업
064480,브리지텍,소프트웨어 개발 및 공급업
066360,체리부로,"도축, 육류 가공 및 저장 처리업"
464280,티디에스팜,의약품 제조업
351320,넥사다이내믹스,특수 목적용 기계 제조업
025440,DH오토웨어,영상 및 음향기기 제조업
290090,트윔,소프트웨어 개발 및 공급업
204020,그리티,봉제의복 제조업
199480,뱅크웨어글로벌,소프트웨어 개발 및 공급업
355690,에이텀,전자부품 제조업
263700,케어랩스,광고업
050110,캠시스,전자부품 제조업
429270,시지트로닉스,반도체 제조업
206400,베노티앤알,실내건축 및 건축마무리 공사업
198940,한주라이트메탈,1차 비철금속 제조업
096630,에스코넥,통신 및 방송 장비 제조업
335810,프리시젼바이오,의료용 기기 제조업
014570,고려제약,의약품 제조업
258610,케일럼,"구조용 금속제품, 탱크 및 증기발생기 제조업"
022220,티케이지애강,플라스틱제품 제조업
024120,KB오토시스,자동차 신품 부품 제조업
228340,동양파일,"시멘트, 석회, 플라스터 및 그 제품 제조업"
050120,ES큐브,생활용품 도매업
403490,우듬지팜,"과실, 채소 가공 및 저장 처리업"
123570,이엠넷,광고업
340440,세림B&G,플라스틱제품 제조업
206560,덱스터,"영화, 비디오물, 방송프로그램 제작 및 배급업"
046310,백금T&A,통신 및 방송 장비 제조업
203450,유니온바이오메트릭스,통신 및 방송 장비 제조업
064520,테크엘,반도체 제조업
430690,한싹,소프트웨어 개발 및 공급업
219750,한국비티비,의료용 기기 제조업
434480,모니터랩,소프트웨어 개발 및 공급업
081580,성우전자,통신 및 방송 장비 제조업
365590,하이딥,반도체 제조업
103840,우양,"과실, 채소 가공 및 저장 처리업"
288980,모아데이타,소프트웨어 개발 및 공급업
128540,에코캡,자동차 신품 부품 제조업
083550,케이엠,기타 섬유제품 제조업
306040,에스제이그룹,"가죽, 가방 및 유사제품 제조업"
106240,파인테크닉스,전구 및 조명장치 제조업
052600,한네트,전기 통신업
332290,누보,"비료, 농약 및 살균, 살충제 제조업"
153490,우리이앤엘하루틴,반도체 제조업
475460,미트박스,기타 정보 서비스업
044480,빌리언스,창작 및 예술관련 서비스업
071850,캐스텍코리아,자동차 신품 부품 제조업
148250,알엔투테크놀로지,전자부품 제조업
043340,에쎈테크,일반 목적용 기계 제조업
119500,포메탈,기타 금속 가공제품 제조업
284620,카이노스메드,자연과학 및 공학 연구개발업
057540,옴니시스템,"측정, 시험, 항해, 제어 및 기타 정밀기기 제조업; 광학기기 제외"
187270,신화콘텍,"전동기, 발전기 및 전기 변환 · 공급 · 제어 장치 제조업"
220180,핸디소프트,소프트웨어 개발 및 공급업
464500,아이언디바이스,반도체 제조업
068940,셀피글로벌,전자부품 제조업
031310,아이즈비전,전기 통신업
450520,인스웨이브,소프트웨어 개발 및 공급업
160550,NEW,"영화, 비디오물, 방송프로그램 제작 및 배급업"
900300,오가닉티코스메틱,기타 금융업
263050,유틸렉스,기초 의약물질 제조업
057030,YBM넷,교육지원 서비스업
045060,오공,기타 화학제품 제조업
376180,피코그램,그외 기타 제품 제조업
459550,알트,통신 및 방송 장비 제조업
336060,웨이버스,소프트웨어 개발 및 공급업
387570,파인메딕스,의료용 기기 제조업
388610,지에프씨생명과학,기타 화학제품 제조업
296640,이노에이엑스,소프트웨어 개발 및 공급업
262840,아이퀘스트,소프트웨어 개발 및 공급업
318410,비비씨,기타 화학제품 제조업
006920,모헨즈,"시멘트, 석회, 플라스터 및 그 제품 제조업"
0010F0,보원케미칼,플라스틱제품 제조업
019570,플루토스,신탁업 및 집합투자업
060540,에스에이티,"측정, 시험, 항해, 제어 및 기타 정밀기기 제조업; 광학기기 제외"
043910,자연과환경,"시멘트, 석회, 플라스터 및 그 제품 제조업"
109820,진매트릭스,자연과학 및 공학 연구개발업
363260,모비데이즈,광고업
277410,인산가,기타 식품 제조업
053950,경남제약,의약품 제조업
097780,에코볼트,자동차 신품 부품 제조업
223310,사토시홀딩스,상품 종합 도매업
073540,에프알텍,통신 및 방송 장비 제조업
356890,싸이버원,소프트웨어 개발 및 공급업
475660,에스켐,기타 화학제품 제조업
900310,컬러레이,기타 금융업
159910,에코글로우,기타 화학제품 제조업
031510,오스템,자동차 신품 부품 제조업
080520,오디텍,반도체 제조업
058110,멕아이씨에스,의료용 기기 제조업
177830,파버나인,전자부품 제조업
900070,글로벌에스엠,기타 금융업
021880,메이슨캐피탈,기타 금융업
133750,메가엠디,일반 교습 학원
054780,키이스트,"영화, 비디오물, 방송프로그램 제작 및 배급업"
406820,뷰티스킨,기타 화학제품 제조업
373170,엠아이큐브솔루션,소프트웨어 개발 및 공급업
086060,진바이오텍,산업용 농·축산물 및 동·식물 도매업
021650,한국큐빅,플라스틱제품 제조업
239610,에이치엘사이언스,기타 식품 제조업
270870,뉴트리,기타 식품 제조업
187220,디티앤씨,기타 과학기술 서비스업
075130,플랜티넷,"컴퓨터 프로그래밍, 시스템 통합 및 관리업"
290520,신도기연,특수 목적용 기계 제조업
078590,휴림에이텍,자동차 신품 부품 제조업
347770,핌스,전자부품 제조업
254120,자비스,특수 목적용 기계 제조업
195500,마니커에프앤지,"도축, 육류 가공 및 저장 처리업"
075970,동국알앤에스,기타 비금속 광물제품 제조업
363250,진시스템,의료용 기기 제조업
037370,EG,기초 화학물질 제조업
038950,파인디지털,통신 및 방송 장비 제조업
318020,포인트모바일,컴퓨터 및 주변장치 제조업
045300,성우테크론,전자부품 제조업
099390,브레인즈컴퍼니,소프트웨어 개발 및 공급업
258830,세종메디칼,의료용 기기 제조업
238490,힘스,특수 목적용 기계 제조업
464580,닷밀,"영화, 비디오물, 방송프로그램 제작 및 배급업"
035200,프럼파스트,플라스틱제품 제조업
068050,팬엔터테인먼트,"영화, 비디오물, 방송프로그램 제작 및 배급업"
043200,파루,"전동기, 발전기 및 전기 변환 · 공급 · 제어 장치 제조업"
057680,티사이언티픽,소프트웨어 개발 및 공급업
039740,한국정보공학,기타 전문 도매업
195990,에이비프로바이오,특수 목적용 기계 제조업
089140,넥스턴앤롤코리아,특수 목적용 기계 제조업
032860,더라미,"해체, 선별 및 원료 재생업"
130500,GH신소재,기타 섬유제품 제조업
038620,위즈코프,연료 소매업
351870,차이커뮤니케이션,광고업
012620,원일특강,1차 철강 제조업
241840,에이스토리,"영화, 비디오물, 방송프로그램 제작 및 배급업"
007720,소노스퀘어,상품 종합 도매업
246250,에스엘에스바이오,"그외 기타 전문, 과학 및 기술 서비스업"
038870,에코심플렉스,사업시설 유지·관리 서비스업
016670,디모아,기타 전문 도매업
318000,KBG,합성고무 및 플라스틱 물질 제조업
114630,폴라리스우노,화학섬유 제조업
208860,다산디엠씨,소프트웨어 개발 및 공급업
142760,모아라이프플러스,자연과학 및 공학 연구개발업
225220,제놀루션,기초 의약물질 제조업
032790,엠젠솔루션,기계장비 및 관련 물품 도매업
045510,정원엔시스,기계장비 및 관련 물품 도매업
263920,휴엠앤씨,그외 기타 제품 제조업
210120,캔버스엔,"영화, 비디오물, 방송프로그램 제작 및 배급업"
033200,모아텍,전자부품 제조업
359090,씨엔알리서치,"그외 기타 전문, 과학 및 기술 서비스업"
080530,코디,기타 화학제품 제조업
290270,휴네시온,소프트웨어 개발 및 공급업
131220,대한과학,기계장비 및 관련 물품 도매업
065370,위세아이텍,소프트웨어 개발 및 공급업
342870,오아,가전제품 및 정보통신장비 소매업
001000,신라섬유,부동산 임대 및 공급업
115160,휴맥스,기계장비 및 관련 물품 도매업
440320,오픈놀,소프트웨어 개발 및 공급업
073570,리튬포어스,그외 기타 제품 제조업
039290,인포뱅크,기타 정보 서비스업
462310,뉴키즈온,봉제의복 제조업
462980,아이지넷,기타 정보 서비스업
131100,티엔엔터테인먼트,"영화, 비디오물, 방송프로그램 제작 및 배급업"
140430,카티스,"컴퓨터 프로그래밍, 시스템 통합 및 관리업"
006050,국영지앤엠,유리 및 유리제품 제조업
027040,서울전자통신,"전동기, 발전기 및 전기 변환 · 공급 · 제어 장치 제조업"
317120,라닉스,반도체 제조업
046390,삼화네트웍스,"영화, 비디오물, 방송프로그램 제작 및 배급업"
300120,라온피플,소프트웨어 개발 및 공급업
038880,아이에이,전자부품 제조업
317240,TS트릴리온,기타 화학제품 제조업
017000,신원종합개발,건물 건설업
013720,THE CUBE&,자동차 신품 부품 제조업
462510,라메디텍,의료용 기기 제조업
065950,웰크론,직물직조 및 직물제품 제조업
013810,스페코,특수 목적용 기계 제조업
056730,CNT85,건물 건설업
101000,KS인더스트리,특수 목적용 기계 제조업
398120,에스지헬스케어,의료용 기기 제조업
438700,버넥트,소프트웨어 개발 및 공급업
079170,한창산업,1차 비철금속 제조업
257370,피엔티엠에스,특수 목적용 기계 제조업
276730,한울앤제주,알코올음료 제조업
237750,피앤씨테크,"전동기, 발전기 및 전기 변환 · 공급 · 제어 장치 제조업"
068100,케이웨더,일반 목적용 기계 제조업
169330,엠브레인,시장조사 및 여론조사업
353590,오토앤,자동차 부품 및 내장품 판매업
318010,팜스빌,기타 식품 제조업
131090,시큐브,소프트웨어 개발 및 공급업
274400,이노시뮬레이션,소프트웨어 개발 및 공급업
405920,나라셀라,음·식료품 및 담배 도매업
464680,KB제27호스팩,금융 지원 서비스업
043220,티에스넥스젠,특수 목적용 기계 제조업
354200,엔젠바이오,"그외 기타 전문, 과학 및 기술 서비스업"
048470,대동스틸,기타 전문 도매업
008470,부스타,"구조용 금속제품, 탱크 및 증기발생기 제조업"
310870,디와이씨,자동차 신품 부품 제조업
069140,누리플랜,"구조용 금속제품, 탱크 및 증기발생기 제조업"
063760,이엘피,"측정, 시험, 항해, 제어 및 기타 정밀기기 제조업; 광학기기 제외"
033050,제이엠아이,기타 화학제품 제조업
091340,S&K폴리텍,전자부품 제조업
304840,피플바이오,의료용품 및 기타 의약 관련제품 제조업
053290,NE능률,"서적, 잡지 및 기타 인쇄물 출판업"
367000,플래티어,소프트웨어 개발 및 공급업
121890,에스디시스템,전자부품 제조업
131760,파인텍,특수 목적용 기계 제조업
258790,소프트캠프,소프트웨어 개발 및 공급업
001810,무림SP,"펄프, 종이 및 판지 제조업"
900110,딥커머스,기타 금융업
032080,아즈텍WB,"섬유제품 염색, 정리 및 마무리 가공업"
900340,윙입푸드,기타 금융업
032750,삼진,통신 및 방송 장비 제조업
397810,애드포러스,광고업
096690,에이루트,컴퓨터 및 주변장치 제조업
252500,세화피앤씨,기타 화학제품 제조업
019660,글로본,상품 종합 도매업
200230,텔콘RF제약,의약품 제조업
007770,한일화학,기초 화학물질 제조업
018680,서울제약,의약품 제조업
373110,엑셀세라퓨틱스,기초 의약물질 제조업
333050,이노테나,소프트웨어 개발 및 공급업
016100,리더스코스메틱,"골판지, 종이 상자 및 종이용기 제조업"
138070,신진에스엠,기타 금속 가공제품 제조업
027580,상보,플라스틱제품 제조업
424760,벨로크,"컴퓨터 프로그래밍, 시스템 통합 및 관리업"
335870,윙스풋,"섬유, 의복, 신발 및 가죽제품 소매업"
131180,딜리,컴퓨터 및 주변장치 제조업
290560,파라택시스이더리움,소프트웨어 개발 및 공급업
377330,이지트로닉스,"전동기, 발전기 및 전기 변환 · 공급 · 제어 장치 제조업"
058450,한주에이알티,"영화, 비디오물, 방송프로그램 제작 및 배급업"
051380,피씨디렉트,기계장비 및 관련 물품 도매업
148930,에이치와이티씨,기타 금속 가공제품 제조업
036480,대성미생물,의약품 제조업
093380,풍강,기타 금속 가공제품 제조업
331520,밸로프,소프트웨어 개발 및 공급업
188260,세니젠,그외 기타 제품 제조업
418620,E8,소프트웨어 개발 및 공급업
303530,이노뎁,소프트웨어 개발 및 공급업
239340,이스트에이드,"자료처리, 호스팅, 포털 및 기타 인터넷 정보매개 서비스업"
091970,나노캠텍,플라스틱제품 제조업
078860,아이오케이이엔엠,"영화, 비디오물, 방송프로그램 제작 및 배급업"
298060,풍전약품,의약품 제조업
267790,배럴,봉제의복 제조업
109960,앱토크롬,기타 전문 도매업
052300,오션인더블유,상품 종합 도매업
043360,디지아이,컴퓨터 및 주변장치 제조업
024940,PN풍년,생활용품 도매업
236810,엔비티,광고업
038530,케이바이오랩스,생활용품 도매업
037400,우리엔터프라이즈,상품 종합 도매업
067730,로지시스,"컴퓨터 프로그래밍, 시스템 통합 및 관리업"
376980,원티드랩,소프트웨어 개발 및 공급업
208350,지란지교시큐리티,소프트웨어 개발 및 공급업
054090,삼진엘앤디,그외 기타 제품 제조업
146060,율촌,1차 철강 제조업
060380,동양에스텍,1차 철강 제조업
065150,대산F&B,음·식료품 및 담배 도매업
070590,인티큐브,"컴퓨터 프로그래밍, 시스템 통합 및 관리업"
044780,에이치케이,특수 목적용 기계 제조업
053060,세동,자동차 신품 부품 제조업
103230,에스앤더블류,일반 목적용 기계 제조업
080470,성창오토텍,자동차 신품 부품 제조업
139670,키네마스터,소프트웨어 개발 및 공급업
130740,티피씨글로벌,자동차 신품 부품 제조업
291230,엔피,기타 사업지원 서비스업
123840,뉴온,기타 식품 제조업
123750,알톤,그외 기타 운송장비 제조업
087260,모바일어플라이언스,소프트웨어 개발 및 공급업
115480,씨유메디칼,의료용 기기 제조업
090150,아이윈,자동차 신품 부품 제조업
432980,엠에프씨,기초 의약물질 제조업
021040,대호특수강,1차 철강 제조업
023770,플레이위드,소프트웨어 개발 및 공급업
188040,바이오포트,기타 식품 제조업
026910,광진실업,1차 철강 제조업
016920,카스,기계장비 및 관련 물품 도매업
301300,바이브컴퍼니,소프트웨어 개발 및 공급업
067010,이씨에스,"컴퓨터 프로그래밍, 시스템 통합 및 관리업"
238200,비피도,기타 식품 제조업
348030,모비릭스,소프트웨어 개발 및 공급업
039310,세중,소프트웨어 개발 및 공급업
352940,인바이오,"비료, 농약 및 살균, 살충제 제조업"
208640,썸에이지,소프트웨어 개발 및 공급업
197140,디지캡,소프트웨어 개발 및 공급업
285800,진영,플라스틱제품 제조업
080720,한국유니온제약,의약품 제조업
431190,케이쓰리아이,소프트웨어 개발 및 공급업
270520,앱튼,"건축기술, 엔지니어링 및 관련 기술 서비스업"
405000,플라즈맵,의료용 기기 제조업
457600,벡트,영상 및 음향기기 제조업
377220,프롬바이오,기타 식품 제조업
115610,이미지스,반도체 제조업
362990,드림인사이트,광고업
017250,인터엠,영상 및 음향기기 제조업
060900,에이전트AI,전기업
054940,엑사이엔씨,실내건축 및 건축마무리 공사업
148780,비큐AI,소프트웨어 개발 및 공급업
455180,케이지에이,특수 목적용 기계 제조업
328380,솔트웨어,"컴퓨터 프로그래밍, 시스템 통합 및 관리업"
034940,조아제약,의약품 제조업
353190,휴럼,기타 식품 제조업
109670,씨싸이트,봉제의복 제조업
054220,비츠로시스,"전동기, 발전기 및 전기 변환 · 공급 · 제어 장치 제조업"
224060,더코디,전자부품 제조업
377030,비트맥스,소프트웨어 개발 및 공급업
279600,미디어젠,소프트웨어 개발 및 공급업
415380,스튜디오삼익,기타 생활용품 소매업
900100,파이온엑스,자동차 부품 및 내장품 판매업
079650,서산,"시멘트, 석회, 플라스터 및 그 제품 제조업"
372800,아이티아이즈,소프트웨어 개발 및 공급업
101400,엔시트론,반도체 제조업
018700,졸스,생활용품 도매업
083640,인콘,상품 종합 도매업
225590,패션플랫폼,봉제의복 제조업
020400,대동금속,금속 주조업
115570,스타플렉스,플라스틱제품 제조업
365900,브이씨,운동 및 경기용구 제조업
322780,코퍼스코리아,"영화, 비디오물, 방송프로그램 제작 및 배급업"
065060,지엔코,봉제의복 제조업
032680,소프트센,기타 정보 서비스업
154030,아시아종묘,작물 재배업
222980,한국맥널티,기타 식품 제조업
196700,웹스,합성고무 및 플라스틱 물질 제조업
227610,아우딘퓨쳐스,기타 화학제품 제조업
035620,바른손이앤에이,"영화, 비디오물, 방송프로그램 제작 및 배급업"
368600,아이씨에이치,전자부품 제조업
084440,유비온,소프트웨어 개발 및 공급업
085810,알티캐스트,소프트웨어 개발 및 공급업
900270,헝셩그룹,기타 금융업
214610,롤링스톤,의료용 기기 제조업
032280,삼일,도로 화물 운송업
215480,토박스코리아,"섬유, 의복, 신발 및 가죽제품 소매업"
101680,한국정밀기계,특수 목적용 기계 제조업
031860,디에이치엑스컴퍼니,상품 종합 도매업
050760,에스폴리텍,플라스틱제품 제조업
417180,핑거스토리,기타 정보 서비스업
049120,파인디앤씨,전자부품 제조업
042040,케이피엠테크,기타 전문 도매업
083470,이엠앤아이,기초 화학물질 제조업
275630,에스에스알,소프트웨어 개발 및 공급업
032980,바이온,음·식료품 및 담배 도매업
303030,지니틱스,반도체 제조업
098660,에스티오,봉제의복 제조업
247660,나노씨엠에스,전자부품 제조업
312610,에이에프더블류,1차 비철금속 제조업
054410,케이피티유,"섬유, 의복, 신발 및 가죽제품 소매업"
389680,유디엠텍,소프트웨어 개발 및 공급업
191410,육일씨엔에쓰,전자부품 제조업
289010,아이스크림에듀,"서적, 잡지 및 기타 인쇄물 출판업"
110020,전진바이오팜,기타 화학제품 제조업
076080,웰크론한텍,건물 건설업
226340,본느,기타 화학제품 제조업
018620,우진비앤지,의약품 제조업
060230,제이케이시냅스,기타 화학제품 제조업
193250,링크드,전자부품 제조업
134060,이퓨쳐,"서적, 잡지 및 기타 인쇄물 출판업"
060480,국일신동,1차 비철금속 제조업
113810,디젠스,자동차 신품 부품 제조업
032800,판타지오,창작 및 예술관련 서비스업
065770,CS,통신 및 방송 장비 제조업
023790,동일스틸럭스,1차 철강 제조업
482680,미래에셋비전스팩7호,금융 지원 서비스업
048830,엔피케이,합성고무 및 플라스틱 물질 제조업
241820,피씨엘,의료용품 및 기타 의약 관련제품 제조업
014100,메디앙스,상품 종합 도매업
477380,미래에셋비전스팩4호,금융 지원 서비스업
192390,윈하이텍,"구조용 금속제품, 탱크 및 증기발생기 제조업"
069330,유아이디,전자부품 제조업
009730,이렘,1차 철강 제조업
051780,큐로홀딩스,음·식료품 및 담배 소매업
028080,휴맥스홀딩스,"컴퓨터 프로그래밍, 시스템 통합 및 관리업"
240600,유진테크놀로지,기타 금속 가공제품 제조업
115530,씨엔플러스,전자부품 제조업
106520,노블엠앤비,사진장비 및 광학기기 제조업
065690,파커스,고무제품 제조업
344860,이노진,기타 화학제품 제조업
0072Z0,KB제33호스팩,금융 지원 서비스업
092600,앤씨앤,반도체 제조업
096870,엘디티,반도체 제조업
199730,바이오인프라,자연과학 및 공학 연구개발업
0130H0,엔에이치스팩33호,금융 지원 서비스업
0101C0,하나36호스팩,금융 지원 서비스업
469880,하나30호스팩,금융 지원 서비스업
067770,세진티에스,전자부품 제조업
477340,에이치엠씨제7호스팩,금융 지원 서비스업
045520,크린앤사이언스,일반 목적용 기계 제조업
030350,드래곤플라이,소프트웨어 개발 및 공급업
0044K0,삼성스팩10호,금융 지원 서비스업
361670,삼영에스앤씨,전자부품 제조업
177350,베셀,플라스틱제품 제조업
227100,프로브잇,부동산 관련 서비스업
225430,케이엠제약,기타 화학제품 제조업
0115H0,삼성스팩13호,금융 지원 서비스업
900120,씨엑스아이,기타 금융업
079190,케스피온,통신 및 방송 장비 제조업
308100,형지글로벌,"섬유, 의복, 신발 및 가죽제품 소매업"
473050,유안타제15호스팩,금융 지원 서비스업
154040,다산솔루에타,전자부품 제조업
250930,예선테크,플라스틱제품 제조업
060260,뉴보텍,플라스틱제품 제조업
478440,미래에셋비전스팩6호,금융 지원 서비스업
479880,한국제15호스팩,금융 지원 서비스업
137940,넥스트아이,"측정, 시험, 항해, 제어 및 기타 정밀기기 제조업; 광학기기 제외"
0099W0,미래에셋비전스팩11호,금융 지원 서비스업
083660,CSA 코스믹,기타 화학제품 제조업
043590,웰킵스하이텍,반도체 제조업
065420,에스아이리소스,기타 화학제품 제조업
352770,셀레스트라,의료용품 및 기타 의약 관련제품 제조업
244460,올리패스,기초 의약물질 제조업
489480,키움제11호스팩,금융 지원 서비스업
481890,엔에이치스팩31호,금융 지원 서비스업
0096B0,삼성스팩12호,기타 금융업
0097F0,미래에셋비전스팩10호,금융 지원 서비스업
088290,이원컴포텍,자동차 신품 부품 제조업
025870,신라에스지,음·식료품 및 담배 도매업
489730,디비금융제13호스팩,기타 금융업
0093G0,미래에셋비전스팩8호,금융 지원 서비스업
478390,KB제29호스팩,금융 지원 서비스업
471050,대신밸런스제17호스팩,금융 지원 서비스업
0099X0,IBKS제25호스팩,금융 지원 서비스업
0037T0,KB제32호스팩,금융 지원 서비스업
054180,메디콕스,선박 및 보트 건조업
079950,인베니아,특수 목적용 기계 제조업
492220,KB제31호스팩,금융 지원 서비스업
0054V0,엔에이치스팩32호,금융 지원 서비스업
0131D0,키움히어로제2호스팩,금융 지원 서비스업
0091W0,신영스팩11호,금융 지원 서비스업
0088D0,메리츠제1호스팩,금융 지원 서비스업
002680,한탑,"곡물가공품, 전분 및 전분제품 제조업"
482520,교보16호스팩,금융 지원 서비스업
084180,수성웹툰,일반 목적용 기계 제조업
419540,비스토스,의료용 기기 제조업
065570,삼영이엔씨,통신 및 방송 장비 제조업
482690,대신밸런스제19호스팩,금융 지원 서비스업
0041L0,하나35호스팩,금융 지원 서비스업
291810,핀텔,소프트웨어 개발 및 공급업
477760,DB금융스팩12호,기타 금융업
368970,오에스피,동물용 사료 및 조제식품 제조업
0132G0,교보20호스팩,기타 금융업
069920,엑시온그룹,무점포 소매업
050090,비케이홀딩스,광고업
469900,하나31호스팩,금융 지원 서비스업
0071M0,삼성스팩11호,금융 지원 서비스업
060240,스타코링크,선박 및 보트 건조업
487360,신한제14호스팩,금융 지원 서비스업
035290,골드앤에스,"서적, 잡지 및 기타 인쇄물 출판업"
012340,뉴인텍,자동차 신품 부품 제조업
474490,유안타제16호스팩,금융 지원 서비스업
477470,미래에셋비전스팩5호,금융 지원 서비스업
474660,신한제12호스팩,금융 지원 서비스업
496070,신한제16호스팩,금융 지원 서비스업
0105P0,유진스팩12호,금융 지원 서비스업
0129K0,신한제18호스팩,금융 지원 서비스업
009620,삼보산업,1차 비철금속 제조업
0096D0,미래에셋비전스팩9호,금융 지원 서비스업
0098T0,교보19호스팩,금융 지원 서비스업
008290,원풍물산,봉제의복 제조업
073190,듀오백,가구 제조업
486630,KB제30호스팩,금융 지원 서비스업
489210,교보17호스팩,금융 지원 서비스업
0004Y0,디비금융제14호스팩,기타 금융업
493790,유안타제17호스팩,금융 지원 서비스업
0130D0,신한제17호스팩,금융 지원 서비스업
469480,IBKS제24호스팩,금융 지원 서비스업
043100,알파AI,의료용 기기 제조업
478110,이베스트스팩6호,금융 지원 서비스업
466690,키움히어로제1호스팩,금융 지원 서비스업
472220,신영스팩10호,금융 지원 서비스업
498390,한화플러스제5호스팩,금융 지원 서비스업
0041B0,교보18호스팩,금융 지원 서비스업
011080,형지I&C,봉제의복 제조업
121850,코이즈,플라스틱제품 제조업
488060,유진스팩11호,금융 지원 서비스업
106080,케이이엠텍,전자부품 제조업
484130,하나34호스팩,금융 지원 서비스업
464440,한국제13호스팩,금융 지원 서비스업
473950,에스케이증권제13호스팩,금융 지원 서비스업
467930,IBKS제23호스팩,금융 지원 서비스업
465320,교보15호스팩,금융 지원 서비스업
468760,유진스팩10호,금융 지원 서비스업
487830,신한제15호스팩,금융 지원 서비스업
472230,에스케이증권제11호스팩,금융 지원 서비스업
0068Y0,비엔케이제3호스팩,금융 지원 서비스업
487720,키움제10호스팩,금융 지원 서비스업
309930,조이웍스앤코,기타 생활용품 소매업
0041J0,엘에스스팩1호,금융 지원 서비스업
475250,하나33호스팩,금융 지원 서비스업
079970,투비소프트,소프트웨어 개발 및 공급업
474930,신한제13호스팩,금융 지원 서비스업
276040,스코넥,소프트웨어 개발 및 공급업
473000,에스케이증권제12호스팩,금융 지원 서비스업
101390,아이엠,전자부품 제조업
475240,하나32호스팩,금융 지원 서비스업
044180,KD,건물 건설업
313760,캐리,"전동기, 발전기 및 전기 변환 · 공급 · 제어 장치 제조업"
043090,더테크놀로지,기타 전문 도매업
052770,아이톡시,소프트웨어 개발 및 공급업
