code,market
000020,KOSPI
000040,KOSPI
000050,KOSPI
000070,KOSPI
000080,KOSPI
000087,KOSPI
000100,KOSPI
000105,KOSPI
000120,KOSPI
000140,KOSPI
000145,KOSPI
000150,KOSPI
000155,KOSPI
000157,KOSPI
000180,KOSPI
0001A0,KOSDAQ
000210,KOSPI
000215,KOSPI
000220,KOSPI
000225,KOSPI
000227,KOSPI
000230,KOSPI
000240,KOSPI
000250,KOSDAQ
000270,KOSPI
000300,KOSPI
000320,KOSPI
000325,KOSPI
000370,KOSPI
000390,KOSPI
000400,KOSPI
000430,KOSPI
000440,KOSDAQ
000480,KOSPI
000490,KOSPI
0004V0,KOSDAQ
0004Y0,KOSDAQ
000500,KOSPI
000520,KOSPI
000540,KOSPI
000545,KOSPI
000590,KOSPI
000640,KOSPI
000650,KOSPI
000660,KOSPI
000670,KOSPI
000680,KOSPI
000700,KOSPI
000720,KOSPI
000725,KOSPI
000760,KOSPI
0007C0,KOSDAQ
0007J0,KOSDAQ
000810,KOSPI
000815,KOSPI
000850,KOSPI
000860,KOSPI
000880,KOSPI
00088K,KOSPI
000890,KOSPI
0008Z0,KOSDAQ
000910,KOSPI
000950,KOSPI
000970,KOSPI
000990,KOSPI
0009K0,KOSDAQ
001000,KOSDAQ
001020,KOSPI
001040,KOSPI
001045,KOSPI
00104K,KOSPI
001060,KOSPI
001065,KOSPI
001067,KOSPI
001070,KOSPI
001080,KOSPI
0010F0,KOSDAQ
0010V0,KOSDAQ
001120,KOSPI
001130,KOSPI
0011A0,KOSDAQ
0011T0,KOSDAQ
001200,KOSPI
001210,KOSPI
001230,KOSPI
001250,KOSPI
001260,KOSPI
001270,KOSPI
001275,KOSPI
001290,KOSPI
001340,KOSPI
001360,KOSPI
001380,KOSPI
001390,KOSPI
0013V0,KOSDAQ
001420,KOSPI
001430,KOSPI
001440,KOSPI
001450,KOSPI
001460,KOSPI
001465,KOSPI
001470,KOSPI
001500,KOSPI
001510,KOSPI
001515,KOSPI
001520,KOSPI
001525,KOSPI
001527,KOSPI
001530,KOSPI
001540,KOSDAQ
001550,KOSPI
001560,KOSPI
001570,KOSPI
0015G0,KOSDAQ
0015N0,KOSDAQ
0015S0,KOSDAQ
001620,KOSPI
001630,KOSPI
001680,KOSPI
001685,KOSPI
001720,KOSPI
001740,KOSPI
001750,KOSPI
001755,KOSPI
001770,KOSPI
001780,KOSPI
001790,KOSPI
001795,KOSPI
001800,KOSPI
001810,KOSDAQ
001820,KOSPI
001840,KOSDAQ
001940,KOSPI
002020,KOSPI
002025,KOSPI
002030,KOSPI
002070,KOSPI
002100,KOSPI
002140,KOSPI
002150,KOSPI
002170,KOSPI
002200,KOSPI
002210,KOSPI
002220,KOSPI
002230,KOSDAQ
002240,KOSPI
002290,KOSDAQ
002310,KOSPI
002320,KOSPI
002350,KOSPI
002355,KOSPI
002360,KOSPI
002380,KOSPI
002390,KOSPI
002410,KOSPI
002420,KOSPI
002450,KOSPI
002460,KOSPI
002600,KOSPI
002620,KOSPI
002630,KOSPI
002680,KOSDAQ
002690,KOSPI
002700,KOSPI
002710,KOSPI
002720,KOSPI
002760,KOSPI
002780,KOSPI
002785,KOSPI
002787,KOSPI
002790,KOSPI
002795,KOSPI
00279K,KOSPI
002800,KOSDAQ
002810,KOSPI
002820,KOSPI
002840,KOSPI
002870,KOSPI
002880,KOSPI
002900,KOSPI
002920,KOSPI
002960,KOSPI
002990,KOSPI
002995,KOSPI
003000,KOSPI
003010,KOSPI
003030,KOSPI
003060,KOSPI
003070,KOSPI
003075,KOSPI
003080,KOSPI
003090,KOSPI
0030R0,KOSPI
003100,KOSDAQ
003120,KOSPI
003160,KOSPI
003200,KOSPI
003220,KOSPI
003230,KOSPI
003240,KOSPI
003280,KOSPI
003300,KOSPI
003310,KOSDAQ
003350,KOSPI
003380,KOSDAQ
003460,KOSPI
003465,KOSPI
003470,KOSPI
003475,KOSPI
003480,KOSPI
003490,KOSPI
003495,KOSPI
003520,KOSPI
003530,KOSPI
003535,KOSPI
003540,KOSPI
003545,KOSPI
003547,KOSPI
003550,KOSPI
003555,KOSPI
003570,KOSPI
003580,KOSPI
003610,KOSPI
003620,KOSPI
003650,KOSPI
003670,KOSPI
003680,KOSPI
003690,KOSPI
003720,KOSPI
003780,KOSPI
0037T0,KOSDAQ
003800,KOSDAQ
003830,KOSPI
003850,KOSPI
003920,KOSPI
003925,KOSPI
003960,KOSPI
004000,KOSPI
004020,KOSPI
004060,KOSPI
004080,KOSPI
004090,KOSPI
004100,KOSPI
004105,KOSPI
004140,KOSPI
004150,KOSPI
004170,KOSPI
0041B0,KOSDAQ
0041J0,KOSDAQ
0041L0,KOSDAQ
004250,KOSPI
004255,KOSPI
004270,KOSPI
004310,KOSPI
004360,KOSPI
004365,KOSPI
004370,KOSPI
004380,KOSPI
004410,KOSPI
004415,KOSPI
004430,KOSPI
004440,KOSPI
004450,KOSPI
004490,KOSPI
0044K0,KOSDAQ
004540,KOSPI
004545,KOSPI
004560,KOSPI
004590,KOSDAQ
004650,KOSDAQ
004690,KOSPI
004700,KOSPI
004710,KOSPI
004720,KOSPI
004770,KOSPI
004780,KOSDAQ
004800,KOSPI
004830,KOSPI
004835,KOSPI
004840,KOSPI
004870,KOSPI
004890,KOSPI
004910,KOSPI
004920,KOSPI
004960,KOSPI
004970,KOSPI
004980,KOSPI
004985,KOSPI
004990,KOSPI
00499K,KOSPI
005010,KOSPI
005030,KOSPI
005070,KOSPI
005090,KOSPI
005110,KOSPI
005160,KOSDAQ
005180,KOSPI
005250,KOSPI
005257,KOSPI
005290,KOSDAQ
005300,KOSPI
005305,KOSPI
005320,KOSPI
005360,KOSPI
005380,KOSPI
005385,KOSPI
005387,KOSPI
005389,KOSPI
005420,KOSPI
005430,KOSPI
005440,KOSPI
005490,KOSPI
0054V0,KOSDAQ
005500,KOSPI
005610,KOSPI
005670,KOSDAQ
005680,KOSPI
005690,KOSPI
005710,KOSDAQ
005720,KOSPI
005725,KOSPI
005740,KOSPI
005745,KOSPI
005750,KOSPI
005800,KOSPI
005810,KOSPI
005820,KOSPI
005830,KOSPI
005850,KOSPI
005860,KOSDAQ
005870,KOSPI
005880,KOSPI
005930,KOSPI
005935,KOSPI
005940,KOSPI
005945,KOSPI
005950,KOSPI
005960,KOSPI
005965,KOSPI
005990,KOSDAQ
006040,KOSPI
006050,KOSDAQ
006060,KOSPI
006090,KOSPI
006110,KOSPI
006120,KOSPI
006125,KOSPI
006140,KOSDAQ
006200,KOSPI
006220,KOSPI
006260,KOSPI
006280,KOSPI
006340,KOSPI
006345,KOSPI
006360,KOSPI
006370,KOSPI
006380,KOSPI
006400,KOSPI
006405,KOSPI
006490,KOSPI
006570,KOSPI
006620,KOSDAQ
006650,KOSPI
006660,KOSPI
006730,KOSDAQ
006740,KOSPI
006800,KOSPI
006805,KOSPI
00680K,KOSPI
006840,KOSPI
006880,KOSPI
006890,KOSPI
0068Y0,KOSDAQ
006910,KOSDAQ
006920,KOSDAQ
006980,KOSPI
007070,KOSPI
007110,KOSPI
007120,KOSPI
007160,KOSPI
0071M0,KOSDAQ
007210,KOSPI
007280,KOSPI
0072Z0,KOSDAQ
007310,KOSPI
007330,KOSDAQ
007340,KOSPI
007370,KOSDAQ
007390,KOSDAQ
007460,KOSPI
007530,KOSDAQ
007540,KOSPI
007570,KOSPI
007575,KOSPI
007590,KOSPI
007610,KOSPI
007660,KOSPI
007680,KOSDAQ
007690,KOSPI
007700,KOSPI
007720,KOSDAQ
007770,KOSDAQ
007810,KOSPI
007815,KOSPI
00781K,KOSPI
007820,KOSDAQ
007860,KOSPI
007980,KOSPI
008040,KOSPI
008060,KOSPI
00806K,KOSPI
008250,KOSPI
008260,KOSPI
008290,KOSDAQ
0082N0,KOSDAQ
008350,KOSPI
008355,KOSPI
008370,KOSDAQ
008420,KOSPI
008470,KOSDAQ
008490,KOSPI
008500,KOSPI
008600,KOSPI
008700,KOSPI
008730,KOSPI
008770,KOSPI
008775,KOSPI
008830,KOSDAQ
008870,KOSPI
0088D0,KOSDAQ
0088M0,KOSDAQ
008930,KOSPI
008970,KOSPI
009070,KOSPI
009140,KOSPI
009150,KOSPI
009155,KOSPI
009160,KOSPI
009180,KOSPI
009190,KOSPI
0091W0,KOSDAQ
009200,KOSPI
009240,KOSPI
009270,KOSPI
009290,KOSPI
009300,KOSDAQ
009310,KOSPI
009320,KOSPI
0093G0,KOSDAQ
009410,KOSPI
009415,KOSPI
009420,KOSPI
009440,KOSPI
009450,KOSPI
009460,KOSPI
009470,KOSPI
009520,KOSDAQ
009540,KOSPI
009580,KOSPI
009620,KOSDAQ
009680,KOSPI
0096B0,KOSDAQ
0096D0,KOSDAQ
009730,KOSDAQ
009770,KOSPI
009780,KOSDAQ
0097F0,KOSDAQ
009810,KOSPI
009830,KOSPI
009835,KOSPI
0098T0,KOSDAQ
009900,KOSPI
009970,KOSPI
0099W0,KOSDAQ
0099X0,KOSDAQ
010040,KOSPI
010060,KOSPI
010100,KOSPI
010120,KOSPI
010130,KOSPI
010140,KOSPI
010170,KOSDAQ
0101C0,KOSDAQ
010240,KOSDAQ
010280,KOSDAQ
010400,KOSPI
010470,KOSDAQ
010580,KOSPI
0105P0,KOSDAQ
010640,KOSPI
010660,KOSPI
010690,KOSPI
010770,KOSPI
010780,KOSPI
010820,KOSPI
010950,KOSPI
010955,KOSPI
010960,KOSPI
011000,KOSPI
011040,KOSDAQ
011070,KOSPI
011080,KOSDAQ
011090,KOSPI
011150,KOSPI
011155,KOSPI
011170,KOSPI
011200,KOSPI
011210,KOSPI
011230,KOSPI
011280,KOSPI
011300,KOSPI
011320,KOSDAQ
011330,KOSPI
011370,KOSDAQ
011390,KOSPI
011420,KOSPI
011500,KOSPI
011560,KOSDAQ
0115H0,KOSDAQ
011690,KOSPI
011700,KOSPI
011760,KOSPI
011780,KOSPI
011785,KOSPI
011790,KOSPI
011810,KOSPI
011930,KOSPI
012030,KOSPI
0120G0,KOSPI
012160,KOSPI
012170,KOSPI
012200,KOSPI
012205,KOSPI
012210,KOSDAQ
012280,KOSPI
012320,KOSPI
012330,KOSPI
012340,KOSDAQ
012450,KOSPI
012510,KOSPI
012610,KOSPI
012620,KOSDAQ
012630,KOSPI
012690,KOSPI
0126Z0,KOSPI
012700,KOSDAQ
012750,KOSPI
012790,KOSDAQ
012800,KOSPI
012860,KOSDAQ
0129K0,KOSDAQ
013000,KOSPI
013030,KOSDAQ
0130D0,KOSDAQ
0130H0,KOSDAQ
013120,KOSDAQ
0131D0,KOSDAQ
0132G0,KOSDAQ
013310,KOSDAQ
013360,KOSPI
013520,KOSPI
013570,KOSPI
013580,KOSPI
013700,KOSPI
013720,KOSDAQ
013810,KOSDAQ
013870,KOSPI
013890,KOSPI
013990,KOSDAQ
014100,KOSDAQ
014130,KOSPI
014160,KOSPI
014190,KOSDAQ
014280,KOSPI
014285,KOSPI
014440,KOSPI
014470,KOSDAQ
014530,KOSPI
014570,KOSDAQ
014580,KOSPI
014620,KOSDAQ
014680,KOSPI
014710,KOSPI
014790,KOSPI
014820,KOSPI
014825,KOSPI
014830,KOSPI
014910,KOSPI
014915,KOSPI
014940,KOSDAQ
014950,KOSDAQ
014970,KOSDAQ
014990,KOSPI
015020,KOSPI
015230,KOSPI
015260,KOSPI
015360,KOSPI
015590,KOSPI
015710,KOSDAQ
015750,KOSDAQ
015760,KOSPI
015860,KOSPI
015890,KOSPI
016090,KOSPI
016100,KOSDAQ
016250,KOSDAQ
016360,KOSPI
016380,KOSPI
016450,KOSPI
016580,KOSPI
016590,KOSPI
016600,KOSDAQ
016610,KOSPI
016670,KOSDAQ
016710,KOSPI
016740,KOSPI
016790,KOSDAQ
016800,KOSPI
016880,KOSPI
016920,KOSDAQ
017000,KOSDAQ
017040,KOSPI
017180,KOSPI
017250,KOSDAQ
017370,KOSPI
017390,KOSPI
017480,KOSDAQ
017510,KOSDAQ
017550,KOSPI
017650,KOSDAQ
017670,KOSPI
017800,KOSPI
017810,KOSPI
017860,KOSPI
017890,KOSDAQ
017900,KOSPI
017940,KOSPI
017960,KOSPI
018000,KOSDAQ
018120,KOSDAQ
018250,KOSPI
018260,KOSPI
018290,KOSDAQ
018310,KOSDAQ
018470,KOSPI
018500,KOSPI
018620,KOSDAQ
018670,KOSPI
018680,KOSDAQ
018700,KOSDAQ
018880,KOSPI
019010,KOSDAQ
019170,KOSPI
019175,KOSPI
019180,KOSPI
019210,KOSDAQ
019490,KOSPI
019540,KOSDAQ
019550,KOSDAQ
019570,KOSDAQ
019660,KOSDAQ
019680,KOSPI
019685,KOSPI
019770,KOSDAQ
019990,KOSDAQ
020000,KOSPI
020120,KOSPI
020150,KOSPI
020180,KOSDAQ
020400,KOSDAQ
020560,KOSPI
020710,KOSDAQ
020760,KOSPI
021040,KOSDAQ
021045,KOSDAQ
021050,KOSPI
021080,KOSDAQ
021240,KOSPI
021320,KOSDAQ
021650,KOSDAQ
021820,KOSPI
021880,KOSDAQ
022100,KOSPI
022220,KOSDAQ
023000,KOSPI
023150,KOSPI
023160,KOSDAQ
023350,KOSPI
023410,KOSDAQ
023440,KOSDAQ
023450,KOSPI
023530,KOSPI
023590,KOSPI
023600,KOSDAQ
023760,KOSDAQ
023770,KOSDAQ
023790,KOSDAQ
023800,KOSPI
023810,KOSPI
023900,KOSDAQ
023910,KOSDAQ
023960,KOSPI
024060,KOSDAQ
024070,KOSPI
024090,KOSPI
024110,KOSPI
024120,KOSDAQ
024720,KOSPI
024740,KOSDAQ
024800,KOSDAQ
024830,KOSDAQ
024840,KOSDAQ
024850,KOSDAQ
024880,KOSDAQ
024890,KOSPI
024900,KOSPI
024910,KOSDAQ
024940,KOSDAQ
024950,KOSDAQ
025000,KOSPI
025320,KOSDAQ
025440,KOSDAQ
025530,KOSPI
025540,KOSPI
025550,KOSDAQ
025560,KOSPI
025620,KOSPI
025750,KOSPI
025770,KOSDAQ
025820,KOSPI
025860,KOSPI
025870,KOSDAQ
025880,KOSDAQ
025890,KOSPI
025900,KOSDAQ
025950,KOSDAQ
025980,KOSDAQ
026040,KOSDAQ
026150,KOSDAQ
026890,KOSPI
026910,KOSDAQ
026940,KOSPI
026960,KOSPI
027040,KOSDAQ
027050,KOSDAQ
027360,KOSDAQ
027410,KOSPI
027580,KOSDAQ
027710,KOSDAQ
027740,KOSPI
027830,KOSDAQ
027970,KOSPI
028050,KOSPI
028080,KOSDAQ
028100,KOSPI
028260,KOSPI
02826K,KOSPI
028300,KOSDAQ
028670,KOSPI
029460,KOSPI
029480,KOSDAQ
029530,KOSPI
029780,KOSPI
030000,KOSPI
030190,KOSPI
030200,KOSPI
030210,KOSPI
030350,KOSDAQ
030520,KOSDAQ
030530,KOSDAQ
030610,KOSPI
030720,KOSPI
030960,KOSDAQ
031210,KOSPI
031310,KOSDAQ
031330,KOSDAQ
031430,KOSPI
031440,KOSPI
031510,KOSDAQ
031820,KOSPI
031860,KOSDAQ
031980,KOSDAQ
032080,KOSDAQ
032190,KOSDAQ
032280,KOSDAQ
032300,KOSDAQ
032350,KOSPI
032500,KOSDAQ
032540,KOSDAQ
032560,KOSPI
032580,KOSDAQ
032620,KOSDAQ
032640,KOSPI
032680,KOSDAQ
032685,KOSDAQ
032750,KOSDAQ
032790,KOSDAQ
032800,KOSDAQ
032820,KOSDAQ
032830,KOSPI
032850,KOSDAQ
032860,KOSDAQ
032940,KOSDAQ
032960,KOSDAQ
032980,KOSDAQ
033050,KOSDAQ
033100,KOSDAQ
033130,KOSDAQ
033160,KOSDAQ
033170,KOSDAQ
033200,KOSDAQ
033230,KOSDAQ
033240,KOSPI
033250,KOSPI
033270,KOSPI
033290,KOSDAQ
033310,KOSDAQ
033320,KOSDAQ
033340,KOSDAQ
033500,KOSDAQ
033530,KOSPI
033540,KOSDAQ
033560,KOSDAQ
033640,KOSDAQ
033780,KOSPI
033790,KOSDAQ
033830,KOSDAQ
033920,KOSPI
034020,KOSPI
034120,KOSPI
034220,KOSPI
034230,KOSPI
034310,KOSPI
034590,KOSPI
034730,KOSPI
03473K,KOSPI
034810,KOSDAQ
03481K,KOSDAQ
034830,KOSPI
034940,KOSDAQ
034950,KOSDAQ
035000,KOSPI
035080,KOSDAQ
035150,KOSPI
035200,KOSDAQ
035250,KOSPI
035290,KOSDAQ
035420,KOSPI
035460,KOSDAQ
035510,KOSPI
035600,KOSDAQ
035610,KOSDAQ
035620,KOSDAQ
035720,KOSPI
035760,KOSDAQ
035810,KOSDAQ
035890,KOSDAQ
035900,KOSDAQ
036000,KOSDAQ
036010,KOSDAQ
036030,KOSDAQ
036090,KOSDAQ
036120,KOSDAQ
036170,KOSDAQ
036190,KOSDAQ
036200,KOSDAQ
036220,KOSDAQ
036420,KOSPI
036460,KOSPI
036480,KOSDAQ
036530,KOSPI
036540,KOSDAQ
036560,KOSDAQ
036570,KOSPI
036580,KOSPI
036620,KOSDAQ
036630,KOSDAQ
036640,KOSDAQ
036670,KOSDAQ
036690,KOSDAQ
036710,KOSDAQ
036800,KOSDAQ
036810,KOSDAQ
036830,KOSDAQ
036890,KOSDAQ
036930,KOSDAQ
037030,KOSDAQ
037070,KOSDAQ
037230,KOSDAQ
037270,KOSPI
037330,KOSDAQ
037350,KOSDAQ
037370,KOSDAQ
037400,KOSDAQ
037440,KOSDAQ
037460,KOSDAQ
037560,KOSPI
037710,KOSPI
037760,KOSDAQ
037950,KOSDAQ
038010,KOSDAQ
038060,KOSDAQ
038070,KOSDAQ
038110,KOSDAQ
038290,KOSDAQ
038390,KOSDAQ
038460,KOSDAQ
038500,KOSDAQ
038530,KOSDAQ
038540,KOSDAQ
038620,KOSDAQ
038680,KOSDAQ
038870,KOSDAQ
038880,KOSDAQ
038950,KOSDAQ
039010,KOSDAQ
039020,KOSDAQ
039030,KOSDAQ
039130,KOSPI
039200,KOSDAQ
039240,KOSDAQ
039290,KOSDAQ
039310,KOSDAQ
039340,KOSDAQ
039420,KOSDAQ
039440,KOSDAQ
039490,KOSPI
039560,KOSDAQ
039570,KOSPI
039610,KOSDAQ
039740,KOSDAQ
039830,KOSDAQ
039840,KOSDAQ
039860,KOSDAQ
039980,KOSDAQ
040160,KOSDAQ
040300,KOSDAQ
040350,KOSDAQ
040420,KOSDAQ
040610,KOSDAQ
040910,KOSDAQ
041020,KOSDAQ
041190,KOSDAQ
041440,KOSDAQ
041460,KOSDAQ
041510,KOSDAQ
041520,KOSDAQ
041590,KOSDAQ
041650,KOSPI
041830,KOSDAQ
041910,KOSDAQ
041920,KOSDAQ
041930,KOSDAQ
041960,KOSDAQ
042000,KOSDAQ
042040,KOSDAQ
042110,KOSDAQ
042370,KOSDAQ
042420,KOSDAQ
042500,KOSDAQ
042510,KOSDAQ
042520,KOSDAQ
042600,KOSDAQ
042660,KOSPI
042700,KOSPI
042940,KOSDAQ
043090,KOSDAQ
043100,KOSDAQ
043150,KOSDAQ
043200,KOSDAQ
043220,KOSDAQ
043260,KOSDAQ
043340,KOSDAQ
043360,KOSDAQ
043370,KOSDAQ
043590,KOSDAQ
043610,KOSDAQ
043650,KOSDAQ
043710,KOSDAQ
043910,KOSDAQ
044180,KOSDAQ
044340,KOSDAQ
044380,KOSPI
044450,KOSPI
044480,KOSDAQ
044490,KOSDAQ
044780,KOSDAQ
044820,KOSPI
044960,KOSDAQ
044990,KOSDAQ
045060,KOSDAQ
045100,KOSDAQ
045300,KOSDAQ
045340,KOSDAQ
045390,KOSDAQ
045510,KOSDAQ
045520,KOSDAQ
045660,KOSDAQ
045970,KOSDAQ
046070,KOSDAQ
046120,KOSDAQ
046210,KOSDAQ
046310,KOSDAQ
046390,KOSDAQ
046440,KOSDAQ
046890,KOSDAQ
046940,KOSDAQ
046970,KOSDAQ
047040,KOSPI
047050,KOSPI
047080,KOSDAQ
047310,KOSDAQ
047400,KOSPI
047560,KOSDAQ
047770,KOSDAQ
047810,KOSPI
047820,KOSDAQ
047920,KOSDAQ
048410,KOSDAQ
048430,KOSDAQ
048470,KOSDAQ
048530,KOSDAQ
048550,KOSDAQ
048770,KOSDAQ
048830,KOSDAQ
048870,KOSDAQ
048910,KOSDAQ
049070,KOSDAQ
049080,KOSDAQ
049120,KOSDAQ
049180,KOSDAQ
049430,KOSDAQ
049470,KOSDAQ
049480,KOSDAQ
049520,KOSDAQ
049550,KOSDAQ
049630,KOSDAQ
049720,KOSDAQ
049800,KOSPI
049830,KOSDAQ
049950,KOSDAQ
049960,KOSDAQ
050090,KOSDAQ
050110,KOSDAQ
050120,KOSDAQ
050760,KOSDAQ
050860,KOSDAQ
050890,KOSDAQ
050960,KOSDAQ
051160,KOSDAQ
051360,KOSDAQ
051370,KOSDAQ
051380,KOSDAQ
051390,KOSDAQ
051490,KOSDAQ
051500,KOSDAQ
051600,KOSPI
051630,KOSPI
051780,KOSDAQ
051900,KOSPI
051905,KOSPI
051910,KOSPI
051915,KOSPI
051980,KOSDAQ
052020,KOSDAQ
052220,KOSDAQ
052260,KOSDAQ
052300,KOSDAQ
052330,KOSDAQ
052400,KOSDAQ
052420,KOSDAQ
052460,KOSDAQ
052600,KOSDAQ
052690,KOSPI
052710,KOSDAQ
052770,KOSDAQ
052790,KOSDAQ
052860,KOSDAQ
052900,KOSDAQ
053030,KOSDAQ
053050,KOSDAQ
053060,KOSDAQ
053080,KOSDAQ
053160,KOSDAQ
053210,KOSPI
053260,KOSDAQ
053270,KOSDAQ
053280,KOSDAQ
053290,KOSDAQ
053300,KOSDAQ
053350,KOSDAQ
053450,KOSDAQ
053580,KOSDAQ
053610,KOSDAQ
053620,KOSDAQ
053690,KOSPI
053700,KOSDAQ
053800,KOSDAQ
053950,KOSDAQ
053980,KOSDAQ
054040,KOSDAQ
054050,KOSDAQ
054090,KOSDAQ
054180,KOSDAQ
054210,KOSDAQ
054220,KOSDAQ
054300,KOSDAQ
054410,KOSDAQ
054450,KOSDAQ
054540,KOSDAQ
054620,KOSDAQ
054670,KOSDAQ
054780,KOSDAQ
054800,KOSDAQ
054920,KOSDAQ
054930,KOSDAQ
054940,KOSDAQ
054950,KOSDAQ
055490,KOSPI
055550,KOSPI
056080,KOSDAQ
056090,KOSDAQ
056190,KOSDAQ
056360,KOSDAQ
056700,KOSDAQ
056730,KOSDAQ
057030,KOSDAQ
057050,KOSPI
057540,KOSDAQ
057680,KOSDAQ
058110,KOSDAQ
058400,KOSDAQ
058430,KOSPI
058450,KOSDAQ
058470,KOSDAQ
058610,KOSDAQ
058630,KOSDAQ
058650,KOSPI
058730,KOSPI
058820,KOSDAQ
058850,KOSPI
058860,KOSPI
058970,KOSDAQ
059090,KOSDAQ
059100,KOSDAQ
059120,KOSDAQ
059210,KOSDAQ
059270,KOSDAQ
060150,KOSDAQ
060230,KOSDAQ
060240,KOSDAQ
060250,KOSDAQ
060260,KOSDAQ
060280,KOSDAQ
060310,KOSDAQ
060370,KOSDAQ
060380,KOSDAQ
060480,KOSDAQ
060540,KOSDAQ
060560,KOSDAQ
060570,KOSDAQ
060590,KOSDAQ
060720,KOSDAQ
060850,KOSDAQ
060900,KOSDAQ
060980,KOSPI
061040,KOSDAQ
061090,KOSDAQ
061250,KOSDAQ
061970,KOSDAQ
062040,KOSPI
062970,KOSDAQ
063080,KOSDAQ
063160,KOSPI
063170,KOSDAQ
063440,KOSDAQ
063570,KOSDAQ
063760,KOSDAQ
064090,KOSDAQ
064240,KOSDAQ
064260,KOSDAQ
064290,KOSDAQ
064350,KOSPI
064400,KOSPI
064480,KOSDAQ
064520,KOSDAQ
064550,KOSDAQ
064760,KOSDAQ
064800,KOSDAQ
064820,KOSDAQ
064850,KOSDAQ
064960,KOSPI
065060,KOSDAQ
065130,KOSDAQ
065150,KOSDAQ
065170,KOSDAQ
065350,KOSDAQ
065370,KOSDAQ
065420,KOSDAQ
065440,KOSDAQ
065450,KOSDAQ
065500,KOSDAQ
065510,KOSDAQ
065530,KOSDAQ
065570,KOSDAQ
065650,KOSDAQ
065660,KOSDAQ
065680,KOSDAQ
065690,KOSDAQ
065710,KOSDAQ
065770,KOSDAQ
065950,KOSDAQ
066130,KOSDAQ
066310,KOSDAQ
066360,KOSDAQ
066410,KOSDAQ
066430,KOSDAQ
066570,KOSPI
066575,KOSPI
066590,KOSDAQ
066620,KOSDAQ
066670,KOSDAQ
066700,KOSDAQ
066790,KOSDAQ
066900,KOSDAQ
066910,KOSDAQ
066970,KOSPI
066980,KOSDAQ
067000,KOSDAQ
067010,KOSDAQ
067080,KOSDAQ
067160,KOSDAQ
067170,KOSDAQ
067280,KOSDAQ
067290,KOSDAQ
067310,KOSDAQ
067370,KOSDAQ
067390,KOSDAQ
067570,KOSDAQ
067630,KOSDAQ
067730,KOSDAQ
067770,KOSDAQ
067830,KOSPI
067900,KOSDAQ
067920,KOSDAQ
067990,KOSDAQ
068050,KOSDAQ
068100,KOSDAQ
068240,KOSDAQ
068270,KOSPI
068290,KOSPI
068330,KOSDAQ
068760,KOSDAQ
068790,KOSDAQ
068930,KOSDAQ
068940,KOSDAQ
069080,KOSDAQ
069140,KOSDAQ
069260,KOSPI
069330,KOSDAQ
069410,KOSDAQ
069460,KOSPI
069510,KOSDAQ
069540,KOSDAQ
069620,KOSPI
069640,KOSPI
069730,KOSPI
069920,KOSDAQ
069960,KOSPI
070300,KOSDAQ
070590,KOSDAQ
070960,KOSPI
071050,KOSPI
071055,KOSPI
071090,KOSPI
071200,KOSDAQ
071280,KOSDAQ
071320,KOSPI
071670,KOSDAQ
071840,KOSPI
071850,KOSDAQ
071950,KOSPI
071970,KOSPI
072020,KOSDAQ
072130,KOSPI
072470,KOSDAQ
072710,KOSPI
072770,KOSDAQ
072870,KOSDAQ
072950,KOSDAQ
072990,KOSDAQ
073010,KOSDAQ
073110,KOSDAQ
073190,KOSDAQ
073240,KOSPI
073490,KOSDAQ
073540,KOSDAQ
073560,KOSDAQ
073570,KOSDAQ
073640,KOSDAQ
074430,KOSDAQ
074600,KOSDAQ
074610,KOSPI
075130,KOSDAQ
075180,KOSPI
075580,KOSPI
075970,KOSDAQ
076080,KOSDAQ
076610,KOSDAQ
077360,KOSDAQ
077500,KOSPI
077970,KOSPI
078000,KOSPI
078020,KOSDAQ
078070,KOSDAQ
078130,KOSDAQ
078140,KOSDAQ
078150,KOSDAQ
078160,KOSDAQ
078340,KOSDAQ
078350,KOSDAQ
078520,KOSPI
078590,KOSDAQ
078600,KOSDAQ
078860,KOSDAQ
078890,KOSDAQ
078930,KOSPI
078935,KOSPI
079000,KOSDAQ
079160,KOSPI
079170,KOSDAQ
079190,KOSDAQ
079370,KOSDAQ
079430,KOSPI
079550,KOSPI
079650,KOSDAQ
079810,KOSDAQ
079900,KOSPI
079940,KOSDAQ
079950,KOSDAQ
079960,KOSDAQ
079970,KOSDAQ
079980,KOSPI
080010,KOSDAQ
080160,KOSDAQ
080220,KOSDAQ
080420,KOSDAQ
080470,KOSDAQ
080520,KOSDAQ
080530,KOSDAQ
080580,KOSDAQ
080720,KOSDAQ
081000,KOSPI
081150,KOSDAQ
081180,KOSDAQ
081580,KOSDAQ
081660,KOSPI
082210,KOSDAQ
082270,KOSDAQ
082640,KOSPI
082660,KOSDAQ
082740,KOSPI
082800,KOSDAQ
082850,KOSDAQ
082920,KOSDAQ
083310,KOSDAQ
083420,KOSPI
083450,KOSDAQ
083470,KOSDAQ
083500,KOSDAQ
083550,KOSDAQ
083640,KOSDAQ
083650,KOSDAQ
083660,KOSDAQ
083790,KOSDAQ
083930,KOSDAQ
084010,KOSPI
084110,KOSDAQ
084180,KOSDAQ
084370,KOSDAQ
084440,KOSDAQ
084650,KOSDAQ
084670,KOSPI
084680,KOSPI
084690,KOSPI
084695,KOSPI
084730,KOSDAQ
084850,KOSDAQ
084870,KOSPI
084990,KOSDAQ
085310,KOSPI
085620,KOSPI
085660,KOSDAQ
085670,KOSDAQ
085810,KOSDAQ
085910,KOSDAQ
086040,KOSDAQ
086060,KOSDAQ
086280,KOSPI
086390,KOSDAQ
086450,KOSDAQ
086520,KOSDAQ
086670,KOSDAQ
086710,KOSDAQ
086790,KOSPI
086820,KOSDAQ
086890,KOSDAQ
086900,KOSDAQ
086960,KOSDAQ
086980,KOSDAQ
087010,KOSDAQ
087260,KOSDAQ
087600,KOSDAQ
088130,KOSDAQ
088260,KOSPI
088280,KOSDAQ
088290,KOSDAQ
088340,KOSDAQ
088350,KOSPI
088390,KOSDAQ
088790,KOSPI
088800,KOSDAQ
088910,KOSDAQ
088980,KOSPI
089010,KOSDAQ
089030,KOSDAQ
089140,KOSDAQ
089150,KOSDAQ
089230,KOSDAQ
089470,KOSPI
089590,KOSPI
089600,KOSDAQ
089790,KOSDAQ
089850,KOSDAQ
089860,KOSPI
089890,KOSDAQ
089970,KOSDAQ
089980,KOSDAQ
090080,KOSPI
090150,KOSDAQ
090350,KOSPI
090355,KOSPI
090360,KOSDAQ
090370,KOSPI
090410,KOSDAQ
090430,KOSPI
090435,KOSPI
090460,KOSPI
090470,KOSDAQ
090710,KOSDAQ
090850,KOSDAQ
091120,KOSDAQ
091340,KOSDAQ
091440,KOSDAQ
091580,KOSDAQ
091590,KOSDAQ
091700,KOSDAQ
091810,KOSPI
091970,KOSDAQ
092040,KOSDAQ
092070,KOSDAQ
092130,KOSDAQ
092190,KOSDAQ
092200,KOSPI
092220,KOSPI
092230,KOSPI
092300,KOSDAQ
092440,KOSPI
092460,KOSDAQ
092600,KOSDAQ
092730,KOSDAQ
092780,KOSPI
092790,KOSPI
092870,KOSDAQ
093050,KOSPI
093190,KOSDAQ
093240,KOSPI
093320,KOSDAQ
093370,KOSPI
093380,KOSDAQ
093520,KOSDAQ
093640,KOSDAQ
093920,KOSDAQ
094170,KOSDAQ
094280,KOSPI
094360,KOSDAQ
094480,KOSDAQ
094800,KOSPI
094820,KOSDAQ
094840,KOSDAQ
094850,KOSDAQ
094860,KOSDAQ
094940,KOSDAQ
094970,KOSDAQ
095190,KOSDAQ
095270,KOSDAQ
095340,KOSDAQ
095500,KOSDAQ
095570,KOSPI
095610,KOSDAQ
095660,KOSDAQ
095700,KOSDAQ
095720,KOSPI
095910,KOSDAQ
096240,KOSDAQ
096250,KOSDAQ
096350,KOSDAQ
096530,KOSDAQ
096610,KOSDAQ
096630,KOSDAQ
096690,KOSDAQ
096760,KOSPI
096770,KOSPI
096775,KOSPI
096870,KOSDAQ
097230,KOSPI
097520,KOSPI
097780,KOSDAQ
097800,KOSDAQ
097870,KOSDAQ
097950,KOSPI
097955,KOSPI
098070,KOSDAQ
098120,KOSDAQ
098460,KOSDAQ
098660,KOSDAQ
099190,KOSDAQ
099220,KOSDAQ
099320,KOSDAQ
099390,KOSDAQ
099410,KOSDAQ
099430,KOSDAQ
099440,KOSDAQ
099520,KOSDAQ
099750,KOSDAQ
100030,KOSDAQ
100090,KOSPI
100120,KOSDAQ
100130,KOSDAQ
100220,KOSPI
100250,KOSPI
100590,KOSDAQ
100660,KOSDAQ
100700,KOSDAQ
100790,KOSDAQ
100840,KOSPI
101000,KOSDAQ
101140,KOSPI
101160,KOSDAQ
101170,KOSDAQ
101240,KOSDAQ
101330,KOSDAQ
101360,KOSDAQ
101390,KOSDAQ
101400,KOSDAQ
101490,KOSDAQ
101530,KOSPI
101670,KOSDAQ
101680,KOSDAQ
101730,KOSDAQ
101930,KOSDAQ
101970,KOSDAQ
102120,KOSDAQ
102260,KOSPI
102370,KOSDAQ
102460,KOSPI
102710,KOSDAQ
102940,KOSDAQ
103140,KOSPI
103230,KOSDAQ
103590,KOSPI
103840,KOSDAQ
104040,KOSDAQ
104200,KOSDAQ
104460,KOSDAQ
104480,KOSDAQ
104540,KOSDAQ
104620,KOSDAQ
104700,KOSPI
104830,KOSDAQ
105330,KOSDAQ
105550,KOSDAQ
105560,KOSPI
105630,KOSPI
105740,KOSDAQ
105760,KOSDAQ
105840,KOSPI
106080,KOSDAQ
106190,KOSDAQ
106240,KOSDAQ
106520,KOSDAQ
107590,KOSPI
107600,KOSDAQ
107640,KOSDAQ
108230,KOSDAQ
108320,KOSPI
108380,KOSDAQ
108490,KOSDAQ
108670,KOSPI
108675,KOSPI
108860,KOSDAQ
109070,KOSPI
109080,KOSDAQ
109610,KOSDAQ
109670,KOSDAQ
109740,KOSDAQ
109820,KOSDAQ
109860,KOSDAQ
109960,KOSDAQ
110020,KOSDAQ
110790,KOSDAQ
110990,KOSDAQ
111110,KOSPI
111380,KOSPI
111710,KOSDAQ
111770,KOSPI
112040,KOSDAQ
112290,KOSDAQ
112610,KOSPI
113810,KOSDAQ
114090,KOSPI
114190,KOSDAQ
114450,KOSDAQ
114630,KOSDAQ
114810,KOSDAQ
114840,KOSDAQ
115160,KOSDAQ
115180,KOSDAQ
115310,KOSDAQ
115440,KOSDAQ
115450,KOSDAQ
115480,KOSDAQ
115500,KOSDAQ
115530,KOSDAQ
115570,KOSDAQ
115610,KOSDAQ
117580,KOSPI
117670,KOSDAQ
117730,KOSDAQ
118000,KOSPI
118990,KOSDAQ
119500,KOSDAQ
119610,KOSDAQ
119650,KOSPI
119830,KOSDAQ
119850,KOSDAQ
120030,KOSPI
120110,KOSPI
120115,KOSPI
120240,KOSDAQ
121440,KOSDAQ
121600,KOSDAQ
121800,KOSDAQ
121850,KOSDAQ
121890,KOSDAQ
122310,KOSDAQ
122350,KOSDAQ
122450,KOSDAQ
122640,KOSDAQ
122690,KOSDAQ
122870,KOSDAQ
122900,KOSPI
122990,KOSDAQ
123010,KOSDAQ
123040,KOSDAQ
123330,KOSDAQ
123410,KOSDAQ
123420,KOSDAQ
123570,KOSDAQ
123690,KOSPI
123700,KOSPI
123750,KOSDAQ
123840,KOSDAQ
123860,KOSDAQ
123890,KOSPI
124500,KOSDAQ
124560,KOSDAQ
125020,KOSDAQ
125210,KOSDAQ
125490,KOSDAQ
126340,KOSDAQ
126560,KOSPI
126600,KOSDAQ
126640,KOSDAQ
126700,KOSDAQ
126720,KOSPI
126730,KOSDAQ
126880,KOSDAQ
127120,KOSDAQ
127710,KOSDAQ
127980,KOSDAQ
128540,KOSDAQ
128660,KOSDAQ
128820,KOSPI
128940,KOSPI
129260,KOSPI
129890,KOSDAQ
129920,KOSDAQ
130500,KOSDAQ
130580,KOSDAQ
130660,KOSPI
130740,KOSDAQ
131030,KOSDAQ
131090,KOSDAQ
131100,KOSDAQ
131180,KOSDAQ
131220,KOSDAQ
131290,KOSDAQ
131370,KOSDAQ
131400,KOSDAQ
131760,KOSDAQ
131970,KOSDAQ
133750,KOSDAQ
133820,KOSPI
134060,KOSDAQ
134380,KOSPI
134580,KOSDAQ
134790,KOSPI
136150,KOSDAQ
136410,KOSDAQ
136480,KOSDAQ
136490,KOSPI
136540,KOSDAQ
137080,KOSDAQ
137310,KOSPI
137400,KOSDAQ
137940,KOSDAQ
137950,KOSDAQ
138040,KOSPI
138070,KOSDAQ
138080,KOSDAQ
138360,KOSDAQ
138610,KOSDAQ
138930,KOSPI
139130,KOSPI
139480,KOSPI
139670,KOSDAQ
139990,KOSPI
140070,KOSDAQ
140410,KOSDAQ
140430,KOSDAQ
140520,KOSDAQ
140670,KOSDAQ
140860,KOSDAQ
140910,KOSPI
141000,KOSDAQ
141080,KOSDAQ
142210,KOSDAQ
142280,KOSDAQ
142760,KOSDAQ
143160,KOSDAQ
143210,KOSPI
143240,KOSDAQ
143540,KOSDAQ
144510,KOSDAQ
144960,KOSDAQ
145020,KOSDAQ
145170,KOSDAQ
145210,KOSPI
145270,KOSPI
145720,KOSPI
145990,KOSPI
145995,KOSPI
146060,KOSDAQ
146320,KOSDAQ
147760,KOSDAQ
147830,KOSDAQ
148150,KOSDAQ
148250,KOSDAQ
148780,KOSDAQ
148930,KOSDAQ
149950,KOSDAQ
149980,KOSDAQ
150900,KOSDAQ
151860,KOSDAQ
153460,KOSDAQ
153490,KOSDAQ
153710,KOSDAQ
154030,KOSDAQ
154040,KOSDAQ
155650,KOSDAQ
155660,KOSPI
156100,KOSDAQ
158430,KOSDAQ
159010,KOSDAQ
159580,KOSDAQ
159910,KOSDAQ
160190,KOSDAQ
160550,KOSDAQ
160980,KOSDAQ
161000,KOSPI
161390,KOSPI
161580,KOSDAQ
161890,KOSPI
162300,KOSDAQ
163280,KOSDAQ
163560,KOSPI
163730,KOSDAQ
166090,KOSDAQ
166480,KOSDAQ
168330,KOSDAQ
168360,KOSDAQ
169330,KOSDAQ
170030,KOSDAQ
170790,KOSDAQ
170900,KOSPI
170920,KOSDAQ
171010,KOSDAQ
171090,KOSDAQ
171120,KOSDAQ
172670,KOSDAQ
173130,KOSDAQ
173940,KOSDAQ
174900,KOSDAQ
175140,KOSDAQ
175250,KOSDAQ
175330,KOSPI
176750,KOSDAQ
177350,KOSDAQ
177830,KOSDAQ
177900,KOSDAQ
178320,KOSDAQ
178780,KOSDAQ
178920,KOSPI
179290,KOSDAQ
179530,KOSDAQ
179900,KOSDAQ
180400,KOSDAQ
180640,KOSPI
18064K,KOSPI
181710,KOSPI
182360,KOSDAQ
182400,KOSDAQ
183190,KOSPI
183300,KOSDAQ
183490,KOSDAQ
184230,KOSDAQ
185490,KOSDAQ
185750,KOSPI
186230,KOSDAQ
187220,KOSDAQ
187270,KOSDAQ
187420,KOSDAQ
187660,KOSDAQ
187790,KOSDAQ
187870,KOSDAQ
188040,KOSDAQ
188260,KOSDAQ
189300,KOSDAQ
189330,KOSDAQ
189690,KOSDAQ
189860,KOSDAQ
189980,KOSDAQ
190510,KOSDAQ
190650,KOSDAQ
191410,KOSDAQ
191420,KOSDAQ
192080,KOSPI
192250,KOSDAQ
192390,KOSDAQ
192400,KOSPI
192410,KOSDAQ
192440,KOSDAQ
192650,KOSPI
192820,KOSPI
193250,KOSDAQ
194370,KOSPI
194480,KOSDAQ
194700,KOSDAQ
195500,KOSDAQ
195870,KOSPI
195940,KOSDAQ
195990,KOSDAQ
196170,KOSDAQ
196300,KOSDAQ
196450,KOSDAQ
196490,KOSDAQ
196700,KOSDAQ
197140,KOSDAQ
198080,KOSDAQ
198440,KOSDAQ
198940,KOSDAQ
199430,KOSDAQ
199480,KOSDAQ
199550,KOSDAQ
199730,KOSDAQ
199800,KOSDAQ
199820,KOSDAQ
200130,KOSDAQ
200230,KOSDAQ
200350,KOSDAQ
200470,KOSDAQ
200670,KOSDAQ
200710,KOSDAQ
200780,KOSDAQ
200880,KOSPI
201490,KOSDAQ
203400,KOSDAQ
203450,KOSDAQ
203650,KOSDAQ
203690,KOSDAQ
204020,KOSDAQ
204210,KOSPI
204270,KOSDAQ
204320,KOSPI
204610,KOSDAQ
204620,KOSDAQ
204840,KOSDAQ
205100,KOSDAQ
205470,KOSDAQ
205500,KOSDAQ
206400,KOSDAQ
206560,KOSDAQ
206640,KOSDAQ
206650,KOSDAQ
207760,KOSDAQ
207940,KOSPI
208140,KOSDAQ
208350,KOSDAQ
208370,KOSDAQ
208640,KOSDAQ
208710,KOSDAQ
208860,KOSDAQ
209640,KOSDAQ
210120,KOSDAQ
210540,KOSPI
210980,KOSPI
211050,KOSDAQ
211270,KOSDAQ
212560,KOSDAQ
212710,KOSDAQ
213420,KOSDAQ
213500,KOSPI
214150,KOSDAQ
214180,KOSDAQ
214260,KOSDAQ
214270,KOSDAQ
214320,KOSPI
214330,KOSPI
214370,KOSDAQ
214390,KOSPI
214420,KOSPI
214430,KOSDAQ
214450,KOSDAQ
214610,KOSDAQ
214680,KOSDAQ
215000,KOSDAQ
215090,KOSDAQ
215100,KOSDAQ
215200,KOSDAQ
215360,KOSDAQ
215380,KOSDAQ
215480,KOSDAQ
215600,KOSDAQ
215790,KOSDAQ
216050,KOSDAQ
216080,KOSDAQ
217190,KOSDAQ
217270,KOSDAQ
217330,KOSDAQ
217480,KOSDAQ
217500,KOSDAQ
217590,KOSPI
217730,KOSDAQ
217820,KOSDAQ
218150,KOSDAQ
218410,KOSDAQ
219130,KOSDAQ
219420,KOSDAQ
219550,KOSDAQ
219750,KOSDAQ
220100,KOSDAQ
220180,KOSDAQ
220260,KOSDAQ
221800,KOSDAQ
221840,KOSDAQ
221980,KOSDAQ
222040,KOSDAQ
222080,KOSDAQ
222110,KOSDAQ
222160,KOSDAQ
222420,KOSDAQ
222800,KOSDAQ
222980,KOSDAQ
223250,KOSDAQ
223310,KOSDAQ
224060,KOSDAQ
224110,KOSDAQ
225190,KOSDAQ
225220,KOSDAQ
225430,KOSDAQ
225530,KOSDAQ
225570,KOSDAQ
225590,KOSDAQ
226320,KOSPI
226330,KOSDAQ
226340,KOSDAQ
226400,KOSDAQ
226590,KOSDAQ
226950,KOSDAQ
227100,KOSDAQ
227610,KOSDAQ
227840,KOSPI
227950,KOSDAQ
228340,KOSDAQ
228670,KOSDAQ
228760,KOSDAQ
228850,KOSDAQ
229000,KOSDAQ
229640,KOSPI
230240,KOSDAQ
230360,KOSDAQ
230980,KOSDAQ
232140,KOSDAQ
232680,KOSDAQ
232830,KOSDAQ
234030,KOSDAQ
234080,KOSPI
234100,KOSDAQ
234300,KOSDAQ
234340,KOSDAQ
234690,KOSDAQ
234920,KOSDAQ
235980,KOSDAQ
236200,KOSDAQ
236810,KOSDAQ
237690,KOSDAQ
237750,KOSDAQ
237820,KOSDAQ
237880,KOSDAQ
238090,KOSDAQ
238120,KOSDAQ
238200,KOSDAQ
238490,KOSDAQ
239340,KOSDAQ
239610,KOSDAQ
239890,KOSDAQ
240550,KOSDAQ
240600,KOSDAQ
240810,KOSDAQ
241520,KOSDAQ
241560,KOSPI
241590,KOSPI
241690,KOSDAQ
241710,KOSDAQ
241770,KOSDAQ
241790,KOSDAQ
241820,KOSDAQ
241840,KOSDAQ
242040,KOSDAQ
243070,KOSDAQ
243840,KOSDAQ
244460,KOSDAQ
244920,KOSPI
245620,KOSDAQ
246250,KOSDAQ
246690,KOSDAQ
246710,KOSDAQ
246720,KOSDAQ
246960,KOSDAQ
247540,KOSDAQ
247660,KOSDAQ
248070,KOSPI
248170,KOSPI
249420,KOSPI
250000,KOSDAQ
250060,KOSDAQ
250930,KOSDAQ
251120,KOSDAQ
251270,KOSPI
251370,KOSDAQ
251630,KOSDAQ
251970,KOSDAQ
252500,KOSDAQ
252990,KOSDAQ
253450,KOSDAQ
253590,KOSDAQ
253840,KOSDAQ
254120,KOSDAQ
254490,KOSDAQ
255220,KOSDAQ
255440,KOSDAQ
256150,KOSDAQ
256630,KOSDAQ
256840,KOSDAQ
256940,KOSDAQ
257370,KOSDAQ
257720,KOSDAQ
258610,KOSDAQ
258790,KOSDAQ
258830,KOSDAQ
259630,KOSDAQ
259960,KOSPI
260660,KOSDAQ
260930,KOSDAQ
260970,KOSDAQ
261200,KOSDAQ
261520,KOSDAQ
261780,KOSDAQ
262260,KOSDAQ
262840,KOSDAQ
263020,KOSDAQ
263050,KOSDAQ
263600,KOSDAQ
263690,KOSDAQ
263700,KOSDAQ
263720,KOSDAQ
263750,KOSDAQ
263770,KOSDAQ
263800,KOSDAQ
263810,KOSDAQ
263860,KOSDAQ
263920,KOSDAQ
264450,KOSDAQ
264660,KOSDAQ
264850,KOSDAQ
264900,KOSPI
26490K,KOSPI
265520,KOSDAQ
265560,KOSDAQ
265740,KOSDAQ
267250,KOSPI
267260,KOSPI
267270,KOSPI
267290,KOSPI
267320,KOSDAQ
267790,KOSDAQ
267850,KOSPI
267980,KOSDAQ
268280,KOSPI
269620,KOSDAQ
270520,KOSDAQ
270660,KOSDAQ
270870,KOSDAQ
271560,KOSPI
271830,KOSDAQ
271940,KOSPI
271980,KOSPI
272110,KOSDAQ
272210,KOSPI
272290,KOSDAQ
272450,KOSPI
272550,KOSPI
273060,KOSDAQ
273640,KOSDAQ
274090,KOSDAQ
274400,KOSDAQ
275630,KOSDAQ
276040,KOSDAQ
276730,KOSDAQ
277070,KOSDAQ
277410,KOSDAQ
277810,KOSDAQ
277880,KOSDAQ
278280,KOSDAQ
278470,KOSPI
278650,KOSDAQ
279570,KOSPI
279600,KOSDAQ
280360,KOSPI
281740,KOSDAQ
281820,KOSPI
282330,KOSPI
282720,KOSDAQ
282880,KOSDAQ
284620,KOSDAQ
284740,KOSPI
285130,KOSPI
28513K,KOSPI
285490,KOSDAQ
285800,KOSDAQ
286750,KOSDAQ
286940,KOSPI
287840,KOSDAQ
288180,KOSDAQ
288330,KOSDAQ
288620,KOSDAQ
288980,KOSDAQ
289010,KOSDAQ
289080,KOSDAQ
289220,KOSDAQ
289930,KOSDAQ
290090,KOSDAQ
290120,KOSDAQ
290270,KOSDAQ
290520,KOSDAQ
290550,KOSDAQ
290560,KOSDAQ
290650,KOSDAQ
290660,KOSDAQ
290670,KOSDAQ
290690,KOSDAQ
290720,KOSDAQ
290740,KOSDAQ
291230,KOSDAQ
291650,KOSDAQ
291810,KOSDAQ
293480,KOSPI
293490,KOSDAQ
293580,KOSDAQ
293780,KOSDAQ
293940,KOSPI
294090,KOSDAQ
294140,KOSDAQ
294570,KOSDAQ
294630,KOSDAQ
294870,KOSPI
295310,KOSDAQ
296640,KOSDAQ
297090,KOSDAQ
297570,KOSDAQ
297890,KOSDAQ
298000,KOSPI
298020,KOSPI
298040,KOSPI
298050,KOSPI
298060,KOSDAQ
298380,KOSDAQ
298540,KOSDAQ
298690,KOSPI
298830,KOSDAQ
299030,KOSDAQ
299170,KOSDAQ
299660,KOSDAQ
299900,KOSDAQ
300080,KOSDAQ
300120,KOSDAQ
300720,KOSPI
301300,KOSDAQ
302430,KOSDAQ
302440,KOSPI
302550,KOSDAQ
303030,KOSDAQ
303360,KOSDAQ
303530,KOSDAQ
303810,KOSDAQ
304100,KOSDAQ
304360,KOSDAQ
304840,KOSDAQ
305090,KOSDAQ
306040,KOSDAQ
306200,KOSPI
306620,KOSDAQ
307180,KOSDAQ
307280,KOSDAQ
307750,KOSDAQ
307870,KOSDAQ
307930,KOSDAQ
307950,KOSPI
308080,KOSDAQ
308100,KOSDAQ
308170,KOSPI
308430,KOSDAQ
309710,KOSDAQ
309930,KOSDAQ
309960,KOSDAQ
310200,KOSDAQ
310210,KOSDAQ
310870,KOSDAQ
311320,KOSDAQ
311390,KOSDAQ
311690,KOSDAQ
312610,KOSDAQ
313760,KOSDAQ
314130,KOSDAQ
314140,KOSDAQ
314930,KOSDAQ
315640,KOSDAQ
316140,KOSPI
317120,KOSDAQ
317240,KOSDAQ
317330,KOSDAQ
317400,KOSPI
317450,KOSPI
317530,KOSDAQ
317690,KOSDAQ
317770,KOSDAQ
317830,KOSDAQ
317850,KOSDAQ
317870,KOSDAQ
318000,KOSDAQ
318010,KOSDAQ
318020,KOSDAQ
318060,KOSDAQ
318160,KOSDAQ
318410,KOSDAQ
319400,KOSDAQ
319660,KOSDAQ
320000,KOSDAQ
321260,KOSDAQ
321370,KOSDAQ
321550,KOSDAQ
321820,KOSDAQ
322000,KOSPI
322180,KOSDAQ
322310,KOSDAQ
322510,KOSDAQ
322780,KOSDAQ
323280,KOSDAQ
323350,KOSDAQ
323410,KOSPI
323990,KOSDAQ
326030,KOSPI
327260,KOSDAQ
328130,KOSDAQ
328380,KOSDAQ
329180,KOSPI
330350,KOSDAQ
330590,KOSPI
330730,KOSDAQ
330860,KOSDAQ
331380,KOSDAQ
331520,KOSDAQ
331740,KOSDAQ
331920,KOSDAQ
332290,KOSDAQ
332370,KOSDAQ
332570,KOSDAQ
333050,KOSDAQ
333430,KOSDAQ
333620,KOSDAQ
334890,KOSPI
334970,KOSDAQ
335810,KOSDAQ
335870,KOSDAQ
336060,KOSDAQ
336260,KOSPI
33626K,KOSPI
33626L,KOSPI
336370,KOSPI
33637K,KOSPI
33637L,KOSPI
336570,KOSDAQ
336680,KOSDAQ
337930,KOSDAQ
338100,KOSPI
338220,KOSDAQ
338840,KOSDAQ
339770,KOSPI
339950,KOSDAQ
340360,KOSDAQ
340440,KOSDAQ
340450,KOSDAQ
340570,KOSDAQ
340810,KOSDAQ
340930,KOSDAQ
342870,KOSDAQ
344820,KOSPI
344860,KOSDAQ
347000,KOSDAQ
347700,KOSDAQ
347740,KOSDAQ
347770,KOSDAQ
347850,KOSDAQ
347860,KOSDAQ
347890,KOSDAQ
348030,KOSDAQ
348080,KOSDAQ
348150,KOSDAQ
348210,KOSDAQ
348340,KOSDAQ
348350,KOSDAQ
348370,KOSDAQ
348950,KOSPI
350520,KOSPI
351320,KOSDAQ
351330,KOSDAQ
351870,KOSDAQ
352090,KOSDAQ
352480,KOSDAQ
352700,KOSDAQ
352770,KOSDAQ
352820,KOSPI
352910,KOSDAQ
352940,KOSDAQ
353190,KOSDAQ
353200,KOSPI
35320K,KOSPI
353590,KOSDAQ
353810,KOSDAQ
354200,KOSDAQ
354320,KOSDAQ
355150,KOSDAQ
355390,KOSDAQ
355690,KOSDAQ
356680,KOSDAQ
356860,KOSDAQ
356890,KOSDAQ
357120,KOSPI
357230,KOSDAQ
357250,KOSPI
357430,KOSPI
357550,KOSDAQ
357580,KOSDAQ
357780,KOSDAQ
357880,KOSDAQ
358570,KOSDAQ
359090,KOSDAQ
360070,KOSDAQ
360350,KOSDAQ
361390,KOSDAQ
361570,KOSDAQ
361610,KOSPI
361670,KOSDAQ
362320,KOSDAQ
362990,KOSDAQ
363250,KOSDAQ
363260,KOSDAQ
363280,KOSPI
36328K,KOSPI
364950,KOSDAQ
365270,KOSDAQ
365330,KOSDAQ
365340,KOSDAQ
365550,KOSPI
365590,KOSDAQ
365900,KOSDAQ
366030,KOSDAQ
367000,KOSDAQ
368600,KOSDAQ
368770,KOSDAQ
368970,KOSDAQ
369370,KOSDAQ
370090,KOSDAQ
371950,KOSDAQ
372170,KOSDAQ
372320,KOSDAQ
372800,KOSDAQ
372910,KOSPI
373110,KOSDAQ
373160,KOSDAQ
373170,KOSDAQ
373200,KOSDAQ
373220,KOSPI
375500,KOSPI
37550K,KOSPI
37550L,KOSPI
376180,KOSDAQ
376270,KOSDAQ
376290,KOSDAQ
376300,KOSDAQ
376900,KOSDAQ
376930,KOSDAQ
376980,KOSDAQ
377030,KOSDAQ
377190,KOSPI
377220,KOSDAQ
377300,KOSPI
377330,KOSDAQ
377450,KOSDAQ
377460,KOSDAQ
377480,KOSDAQ
377740,KOSPI
378340,KOSDAQ
378800,KOSDAQ
378850,KOSPI
380540,KOSDAQ
380550,KOSDAQ
381620,KOSDAQ
381970,KOSPI
382150,KOSDAQ
382480,KOSDAQ
382800,KOSDAQ
382840,KOSDAQ
382900,KOSDAQ
383220,KOSPI
383310,KOSDAQ
383800,KOSPI
38380K,KOSPI
383930,KOSDAQ
384470,KOSDAQ
387570,KOSDAQ
388050,KOSDAQ
388210,KOSDAQ
388610,KOSDAQ
388720,KOSDAQ
388790,KOSDAQ
388870,KOSDAQ
389020,KOSDAQ
389030,KOSDAQ
389140,KOSDAQ
389260,KOSDAQ
389470,KOSDAQ
389500,KOSDAQ
389650,KOSDAQ
389680,KOSDAQ
391710,KOSDAQ
393210,KOSDAQ
393890,KOSDAQ
393970,KOSDAQ
394280,KOSDAQ
394420,KOSDAQ
394800,KOSDAQ
395400,KOSPI
396270,KOSDAQ
396300,KOSDAQ
396470,KOSDAQ
396690,KOSPI
397030,KOSDAQ
397810,KOSDAQ
398120,KOSDAQ
399720,KOSDAQ
400760,KOSPI
402030,KOSDAQ
402340,KOSPI
402490,KOSDAQ
403490,KOSDAQ
403550,KOSPI
403850,KOSDAQ
403870,KOSDAQ
404990,KOSPI
405000,KOSDAQ
405100,KOSDAQ
405920,KOSDAQ
406820,KOSDAQ
407400,KOSDAQ
408470,KOSDAQ
408900,KOSDAQ
408920,KOSDAQ
411080,KOSDAQ
412350,KOSDAQ
412540,KOSDAQ
413390,KOSDAQ
413630,KOSDAQ
413640,KOSDAQ
415380,KOSDAQ
415640,KOSPI
416180,KOSDAQ
417010,KOSDAQ
417180,KOSDAQ
417200,KOSDAQ
417310,KOSPI
417500,KOSDAQ
417790,KOSDAQ
417840,KOSDAQ
417860,KOSDAQ
417970,KOSDAQ
418250,KOSDAQ
418420,KOSDAQ
418470,KOSDAQ
418550,KOSDAQ
418620,KOSDAQ
419050,KOSDAQ
419080,KOSDAQ
419120,KOSDAQ
419530,KOSDAQ
419540,KOSDAQ
420570,KOSDAQ
420770,KOSDAQ
424760,KOSDAQ
424870,KOSDAQ
424960,KOSDAQ
424980,KOSDAQ
425040,KOSDAQ
425420,KOSDAQ
429270,KOSDAQ
430690,KOSDAQ
431190,KOSDAQ
432320,KOSPI
432430,KOSDAQ
432470,KOSDAQ
432720,KOSDAQ
432980,KOSDAQ
434480,KOSDAQ
435570,KOSDAQ
437730,KOSDAQ
438700,KOSDAQ
439090,KOSDAQ
439260,KOSPI
439580,KOSDAQ
439960,KOSDAQ
440110,KOSDAQ
440290,KOSDAQ
440320,KOSDAQ
441270,KOSDAQ
443060,KOSPI
443250,KOSDAQ
443670,KOSDAQ
444530,KOSDAQ
445090,KOSDAQ
445180,KOSDAQ
445680,KOSDAQ
446070,KOSPI
446540,KOSDAQ
446840,KOSDAQ
448280,KOSDAQ
448710,KOSDAQ
448730,KOSPI
448900,KOSDAQ
450080,KOSPI
450330,KOSDAQ
450520,KOSDAQ
450950,KOSDAQ
451220,KOSDAQ
451250,KOSDAQ
451700,KOSDAQ
451760,KOSDAQ
451800,KOSPI
452160,KOSDAQ
452190,KOSDAQ
452200,KOSDAQ
452260,KOSPI
45226K,KOSPI
452280,KOSDAQ
452300,KOSDAQ
452400,KOSDAQ
452430,KOSDAQ
452450,KOSDAQ
453340,KOSPI
453450,KOSDAQ
453860,KOSDAQ
454910,KOSPI
455180,KOSDAQ
455900,KOSDAQ
456010,KOSDAQ
456040,KOSPI
456070,KOSDAQ
456160,KOSDAQ
457190,KOSPI
457370,KOSDAQ
457550,KOSDAQ
457600,KOSDAQ
458350,KOSDAQ
458650,KOSDAQ
458870,KOSDAQ
459100,KOSDAQ
459510,KOSDAQ
459550,KOSDAQ
460470,KOSDAQ
460850,KOSPI
460860,KOSPI
460870,KOSDAQ
460930,KOSDAQ
460940,KOSDAQ
461030,KOSDAQ
461300,KOSDAQ
462310,KOSDAQ
462350,KOSDAQ
462510,KOSDAQ
462520,KOSPI
462860,KOSDAQ
462870,KOSPI
462980,KOSDAQ
463020,KOSDAQ
463480,KOSDAQ
464080,KOSDAQ
464280,KOSDAQ
464440,KOSDAQ
464490,KOSDAQ
464500,KOSDAQ
464580,KOSDAQ
464680,KOSDAQ
465320,KOSDAQ
465480,KOSDAQ
465770,KOSPI
466100,KOSDAQ
466410,KOSDAQ
466690,KOSDAQ
467930,KOSDAQ
468530,KOSDAQ
468760,KOSDAQ
469480,KOSDAQ
469610,KOSDAQ
469750,KOSDAQ
469880,KOSDAQ
469900,KOSDAQ
471050,KOSDAQ
471820,KOSDAQ
472220,KOSDAQ
472230,KOSDAQ
472850,KOSDAQ
473000,KOSDAQ
473050,KOSDAQ
473950,KOSDAQ
473980,KOSDAQ
474170,KOSDAQ
474490,KOSDAQ
474610,KOSDAQ
474650,KOSDAQ
474660,KOSDAQ
474930,KOSDAQ
475150,KOSPI
475230,KOSDAQ
475240,KOSDAQ
475250,KOSDAQ
475400,KOSDAQ
475430,KOSDAQ
475460,KOSDAQ
475560,KOSPI
475580,KOSDAQ
475660,KOSDAQ
475830,KOSDAQ
475960,KOSDAQ
476040,KOSDAQ
476060,KOSDAQ
476080,KOSDAQ
476830,KOSDAQ
477340,KOSDAQ
477380,KOSDAQ
477470,KOSDAQ
477760,KOSDAQ
477850,KOSDAQ
478110,KOSDAQ
478340,KOSDAQ
478390,KOSDAQ
478440,KOSDAQ
478560,KOSDAQ
479880,KOSDAQ
479960,KOSDAQ
480370,KOSPI
481070,KOSDAQ
481850,KOSPI
481890,KOSDAQ
482520,KOSDAQ
482630,KOSDAQ
482680,KOSDAQ
482690,KOSDAQ
483650,KOSPI
484120,KOSDAQ
484130,KOSDAQ
484590,KOSDAQ
484810,KOSDAQ
484870,KOSPI
486630,KOSDAQ
486990,KOSDAQ
487360,KOSDAQ
487570,KOSPI
487580,KOSDAQ
487720,KOSDAQ
487830,KOSDAQ
488060,KOSDAQ
488280,KOSDAQ
488900,KOSDAQ
489210,KOSDAQ
489460,KOSDAQ
489480,KOSDAQ
489500,KOSDAQ
489730,KOSDAQ
489790,KOSPI
490470,KOSDAQ
491000,KOSDAQ
492220,KOSDAQ
493280,KOSDAQ
493330,KOSDAQ
493790,KOSDAQ
494120,KOSDAQ
496070,KOSDAQ
498390,KOSDAQ
499790,KOSPI
900070,KOSDAQ
900100,KOSDAQ
900110,KOSDAQ
900120,KOSDAQ
900140,KOSPI
900250,KOSDAQ
900260,KOSDAQ
900270,KOSDAQ
900290,KOSDAQ
900300,KOSDAQ
900310,KOSDAQ
900340,KOSDAQ
950130,KOSDAQ
950140,KOSDAQ
950160,KOSDAQ
950170,KOSDAQ
950190,KOSDAQ
950200,KOSDAQ
950210,KOSPI
950220,KOSDAQ
950250,KOSDAQ
